Ho	Hs	Ht	Dst	Htp	Dstp	Fst	Fstp	Fis	Dest
0.2182	0.2441	0.3167	0.0726	0.3228	0.0786	0.2292	0.2436	0.1063	0.104
0.2182	0.244	0.3166	0.0726	0.3227	0.0786	0.2292	0.2437	0.1059	0.104
0.2186	0.2443	0.3167	0.0724	0.3227	0.0784	0.2286	0.243	0.1052	0.1038
0.2183	0.2439	0.3165	0.0726	0.3225	0.0787	0.2294	0.2439	0.105	0.104
0.2183	0.244	0.3166	0.0726	0.3226	0.0786	0.2293	0.2438	0.1052	0.104
0.2182	0.2442	0.3166	0.0724	0.3227	0.0785	0.2287	0.2432	0.1063	0.1038
0.2182	0.244	0.3165	0.0725	0.3226	0.0786	0.2291	0.2435	0.1058	0.1039
0.2183	0.2441	0.3166	0.0725	0.3226	0.0786	0.2291	0.2435	0.1055	0.1039
0.2182	0.2442	0.3167	0.0725	0.3228	0.0786	0.229	0.2435	0.1066	0.104
0.2182	0.244	0.3164	0.0724	0.3224	0.0784	0.2288	0.2432	0.1055	0.1037
0.2184	0.2441	0.3166	0.0725	0.3226	0.0786	0.229	0.2435	0.1053	0.1039
0.2184	0.2441	0.3165	0.0724	0.3225	0.0784	0.2287	0.2431	0.1053	0.1037
0.2184	0.2441	0.3166	0.0725	0.3226	0.0785	0.229	0.2434	0.1055	0.1039
0.2182	0.244	0.3165	0.0725	0.3226	0.0785	0.229	0.2434	0.106	0.1039
0.2185	0.244	0.3167	0.0726	0.3227	0.0787	0.2293	0.2437	0.1046	0.1041
0.218	0.2438	0.3165	0.0727	0.3226	0.0788	0.2298	0.2442	0.1058	0.1042
0.2187	0.2441	0.3167	0.0725	0.3227	0.0786	0.2291	0.2435	0.1044	0.104
0.2182	0.244	0.3164	0.0724	0.3225	0.0785	0.2289	0.2433	0.1058	0.1038
0.2182	0.2442	0.3166	0.0725	0.3226	0.0785	0.2288	0.2433	0.1061	0.1038
0.2186	0.2441	0.3164	0.0723	0.3224	0.0783	0.2285	0.2429	0.1047	0.1036
0.2185	0.2439	0.3165	0.0725	0.3225	0.0786	0.2292	0.2437	0.1044	0.104
0.2185	0.2442	0.3165	0.0723	0.3225	0.0784	0.2286	0.243	0.1049	0.1037
0.2183	0.244	0.3166	0.0726	0.3226	0.0787	0.2293	0.2438	0.1052	0.104
0.2183	0.2442	0.3167	0.0725	0.3227	0.0786	0.229	0.2434	0.1059	0.1039
0.2185	0.2441	0.3166	0.0725	0.3227	0.0786	0.2291	0.2435	0.1048	0.104
0.2185	0.244	0.3167	0.0727	0.3227	0.0787	0.2294	0.2439	0.1046	0.1041
0.2182	0.2444	0.3168	0.0724	0.3228	0.0784	0.2286	0.243	0.1071	0.1038
0.2184	0.2441	0.3165	0.0724	0.3226	0.0785	0.2288	0.2432	0.1052	0.1038
0.2181	0.244	0.3164	0.0724	0.3225	0.0784	0.2288	0.2432	0.1063	0.1037
0.2182	0.244	0.3165	0.0725	0.3226	0.0786	0.2291	0.2436	0.1056	0.1039
0.2182	0.244	0.3165	0.0726	0.3226	0.0786	0.2293	0.2437	0.1057	0.104
0.2184	0.244	0.3165	0.0725	0.3225	0.0785	0.2291	0.2435	0.1048	0.1039
0.2184	0.2441	0.3167	0.0726	0.3227	0.0786	0.2292	0.2436	0.1052	0.104
0.2183	0.2442	0.3167	0.0725	0.3227	0.0786	0.229	0.2434	0.1059	0.1039
0.2182	0.244	0.3165	0.0725	0.3226	0.0786	0.2291	0.2436	0.1056	0.1039
0.2181	0.244	0.3166	0.0726	0.3227	0.0786	0.2293	0.2437	0.1065	0.104
0.2182	0.2438	0.3166	0.0727	0.3226	0.0788	0.2298	0.2442	0.1052	0.1042
0.2181	0.244	0.3165	0.0725	0.3225	0.0786	0.2291	0.2436	0.1061	0.1039
0.2184	0.2441	0.3167	0.0726	0.3227	0.0786	0.2291	0.2436	0.1054	0.104
0.2183	0.2441	0.3166	0.0725	0.3226	0.0785	0.2289	0.2433	0.1058	0.1039
0.2184	0.2442	0.3165	0.0723	0.3225	0.0783	0.2284	0.2429	0.1057	0.1036
0.2182	0.2442	0.3166	0.0724	0.3226	0.0784	0.2286	0.243	0.1064	0.1037
0.2186	0.2441	0.3166	0.0725	0.3227	0.0786	0.229	0.2434	0.1047	0.1039
0.2181	0.2441	0.3165	0.0724	0.3226	0.0785	0.2289	0.2433	0.1063	0.1038
0.2182	0.2441	0.3167	0.0726	0.3228	0.0786	0.2292	0.2436	0.1063	0.104
0.218	0.2438	0.3164	0.0726	0.3224	0.0787	0.2295	0.2439	0.1055	0.104
0.2182	0.2441	0.3166	0.0725	0.3226	0.0785	0.229	0.2434	0.1062	0.1039
0.2181	0.2439	0.3164	0.0725	0.3225	0.0786	0.2291	0.2436	0.1059	0.1039
0.2182	0.2441	0.3166	0.0725	0.3226	0.0785	0.2289	0.2434	0.106	0.1039
0.2185	0.2441	0.3165	0.0724	0.3225	0.0784	0.2286	0.2431	0.1051	0.1037
0.2183	0.2439	0.3163	0.0724	0.3223	0.0784	0.2289	0.2433	0.1049	0.1037
0.2184	0.244	0.3165	0.0725	0.3225	0.0785	0.229	0.2434	0.1049	0.1038
0.2181	0.244	0.3165	0.0726	0.3226	0.0786	0.2292	0.2437	0.1062	0.104
0.2183	0.2441	0.3165	0.0724	0.3226	0.0784	0.2288	0.2432	0.1059	0.1038
0.2182	0.244	0.3165	0.0725	0.3226	0.0785	0.229	0.2435	0.1061	0.1039
0.2183	0.2441	0.3166	0.0725	0.3226	0.0785	0.2289	0.2434	0.1056	0.1039
0.2182	0.244	0.3164	0.0725	0.3225	0.0785	0.229	0.2435	0.1056	0.1039
0.2183	0.244	0.3166	0.0726	0.3226	0.0786	0.2292	0.2437	0.1054	0.104
0.2184	0.2439	0.3165	0.0726	0.3226	0.0787	0.2295	0.244	0.1045	0.1041
0.2182	0.2442	0.3167	0.0726	0.3228	0.0786	0.2291	0.2436	0.1062	0.104
0.2183	0.244	0.3163	0.0723	0.3224	0.0783	0.2286	0.243	0.1055	0.1036
0.2183	0.2442	0.3166	0.0724	0.3227	0.0785	0.2288	0.2433	0.1058	0.1038
0.2181	0.2437	0.3164	0.0727	0.3225	0.0787	0.2297	0.2442	0.1051	0.1041
0.2182	0.2441	0.3166	0.0725	0.3226	0.0785	0.2289	0.2434	0.1062	0.1039
0.2184	0.2441	0.3166	0.0725	0.3226	0.0785	0.2289	0.2434	0.1055	0.1039
0.2183	0.244	0.3164	0.0724	0.3224	0.0784	0.2288	0.2433	0.1054	0.1038
0.2182	0.244	0.3166	0.0725	0.3226	0.0786	0.2291	0.2435	0.1059	0.1039
0.2184	0.2441	0.3165	0.0724	0.3225	0.0784	0.2287	0.2432	0.1053	0.1038
0.2185	0.244	0.3165	0.0725	0.3225	0.0785	0.229	0.2434	0.1048	0.1039
0.2181	0.2441	0.3165	0.0724	0.3226	0.0784	0.2288	0.2432	0.1065	0.1038
0.2184	0.2442	0.3168	0.0726	0.3228	0.0786	0.2291	0.2436	0.1057	0.104
0.2183	0.2442	0.3166	0.0724	0.3227	0.0784	0.2287	0.2431	0.1062	0.1038
0.2182	0.244	0.3165	0.0725	0.3226	0.0785	0.2291	0.2435	0.1057	0.1039
0.2181	0.2438	0.3164	0.0726	0.3225	0.0786	0.2294	0.2439	0.1056	0.104
0.2182	0.244	0.3167	0.0727	0.3227	0.0787	0.2295	0.2439	0.1058	0.1041
0.2184	0.2438	0.3164	0.0726	0.3225	0.0787	0.2294	0.2439	0.1045	0.104
0.2184	0.2441	0.3166	0.0725	0.3227	0.0786	0.2291	0.2436	0.1054	0.104
0.2182	0.244	0.3165	0.0725	0.3225	0.0786	0.2292	0.2436	0.1054	0.1039
0.2183	0.2439	0.3164	0.0725	0.3225	0.0785	0.2291	0.2435	0.105	0.1039
0.2181	0.2438	0.3164	0.0726	0.3225	0.0787	0.2295	0.244	0.1055	0.104
0.2183	0.244	0.3164	0.0724	0.3225	0.0784	0.2288	0.2433	0.1053	0.1038
0.2185	0.2442	0.3165	0.0723	0.3225	0.0783	0.2284	0.2428	0.1053	0.1036
0.2184	0.2441	0.3166	0.0725	0.3227	0.0786	0.229	0.2435	0.1055	0.1039
0.2184	0.2439	0.3164	0.0725	0.3224	0.0785	0.2291	0.2435	0.1047	0.1038
0.2184	0.2441	0.3166	0.0725	0.3226	0.0785	0.229	0.2434	0.1052	0.1039
0.2182	0.244	0.3166	0.0726	0.3226	0.0786	0.2292	0.2437	0.1057	0.104
0.2183	0.2439	0.3165	0.0725	0.3225	0.0786	0.2292	0.2436	0.1053	0.1039
0.2183	0.2444	0.3167	0.0724	0.3228	0.0784	0.2285	0.2429	0.1068	0.1038
0.2185	0.2441	0.3166	0.0725	0.3226	0.0786	0.229	0.2435	0.105	0.1039
0.2183	0.2439	0.3164	0.0725	0.3224	0.0785	0.229	0.2434	0.1052	0.1038
0.2184	0.2443	0.3168	0.0725	0.3228	0.0785	0.2288	0.2432	0.1061	0.1039
0.2184	0.2439	0.3165	0.0726	0.3226	0.0786	0.2294	0.2438	0.1045	0.104
0.218	0.2443	0.3167	0.0724	0.3227	0.0784	0.2286	0.2431	0.1075	0.1038
0.2183	0.244	0.3166	0.0726	0.3227	0.0787	0.2293	0.2438	0.1054	0.104
0.2183	0.2437	0.3163	0.0726	0.3224	0.0787	0.2295	0.244	0.1042	0.104
0.2182	0.244	0.3165	0.0726	0.3226	0.0786	0.2292	0.2437	0.1055	0.104
0.218	0.2441	0.3167	0.0726	0.3227	0.0786	0.2291	0.2435	0.1072	0.104
0.2183	0.2438	0.3164	0.0725	0.3224	0.0786	0.2292	0.2437	0.1046	0.1039
0.2185	0.2441	0.3166	0.0725	0.3227	0.0786	0.229	0.2435	0.1049	0.1039
0.218	0.244	0.3165	0.0725	0.3225	0.0785	0.229	0.2434	0.1066	0.1038
0.2181	0.244	0.3166	0.0727	0.3227	0.0787	0.2295	0.244	0.106	0.1041
0.2184	0.244	0.3165	0.0725	0.3226	0.0785	0.229	0.2435	0.1049	0.1039
0.2182	0.2441	0.3165	0.0725	0.3226	0.0785	0.229	0.2434	0.1059	0.1039
0.2181	0.244	0.3165	0.0725	0.3226	0.0786	0.2292	0.2436	0.106	0.104
0.2185	0.244	0.3165	0.0725	0.3225	0.0785	0.2289	0.2434	0.1044	0.1038
0.2182	0.2441	0.3166	0.0725	0.3227	0.0786	0.2291	0.2435	0.1059	0.1039
0.2182	0.2441	0.3165	0.0724	0.3226	0.0785	0.2289	0.2433	0.1062	0.1038
0.2183	0.244	0.3164	0.0724	0.3225	0.0785	0.2289	0.2434	0.1055	0.1038
0.2181	0.2438	0.3164	0.0726	0.3225	0.0787	0.2295	0.2439	0.1056	0.104
0.2184	0.244	0.3165	0.0725	0.3225	0.0785	0.229	0.2435	0.1049	0.1039
0.2181	0.2441	0.3167	0.0725	0.3227	0.0786	0.229	0.2435	0.1066	0.104
0.2185	0.2442	0.3168	0.0726	0.3228	0.0787	0.2293	0.2437	0.1051	0.1041
0.2182	0.244	0.3165	0.0725	0.3225	0.0786	0.2291	0.2436	0.1056	0.1039
0.2184	0.2439	0.3165	0.0726	0.3226	0.0786	0.2293	0.2437	0.1047	0.104
0.2183	0.2439	0.3164	0.0724	0.3224	0.0785	0.229	0.2434	0.1053	0.1038
0.2182	0.2445	0.3167	0.0722	0.3227	0.0782	0.2279	0.2423	0.1076	0.1035
0.2183	0.2439	0.3165	0.0726	0.3225	0.0786	0.2293	0.2438	0.1051	0.104
0.2183	0.2442	0.3167	0.0725	0.3227	0.0785	0.2288	0.2432	0.106	0.1039
0.2182	0.2443	0.3167	0.0724	0.3227	0.0785	0.2287	0.2431	0.1068	0.1038
0.2183	0.2442	0.3167	0.0725	0.3227	0.0785	0.2288	0.2432	0.1061	0.1039
0.2182	0.2439	0.3166	0.0726	0.3226	0.0787	0.2294	0.2439	0.1055	0.1041
0.2183	0.2443	0.3167	0.0725	0.3227	0.0785	0.2288	0.2432	0.1062	0.1039
0.2183	0.244	0.3164	0.0725	0.3225	0.0785	0.229	0.2435	0.1051	0.1038
0.2181	0.2441	0.3165	0.0724	0.3226	0.0785	0.2288	0.2433	0.1066	0.1038
0.2183	0.2441	0.3166	0.0725	0.3226	0.0785	0.2289	0.2433	0.1056	0.1038
0.2182	0.244	0.3165	0.0725	0.3225	0.0785	0.229	0.2434	0.1056	0.1038
0.2181	0.244	0.3164	0.0724	0.3224	0.0784	0.2288	0.2432	0.106	0.1037
0.2184	0.2441	0.3167	0.0726	0.3227	0.0786	0.2291	0.2436	0.1053	0.104
0.2185	0.244	0.3164	0.0724	0.3225	0.0785	0.229	0.2434	0.1043	0.1038
0.2183	0.2441	0.3165	0.0724	0.3225	0.0785	0.2288	0.2433	0.1056	0.1038
0.2184	0.244	0.3164	0.0724	0.3224	0.0784	0.2287	0.2432	0.1053	0.1037
0.2182	0.2441	0.3165	0.0724	0.3226	0.0785	0.2288	0.2433	0.1062	0.1038
0.2184	0.244	0.3165	0.0725	0.3226	0.0786	0.2291	0.2435	0.1051	0.1039
0.2183	0.244	0.3165	0.0725	0.3225	0.0785	0.229	0.2434	0.1055	0.1038
0.2182	0.244	0.3166	0.0726	0.3226	0.0786	0.2292	0.2436	0.1059	0.104
0.2184	0.244	0.3164	0.0725	0.3225	0.0785	0.229	0.2435	0.1048	0.1038
0.2181	0.2441	0.3165	0.0724	0.3226	0.0784	0.2287	0.2431	0.1066	0.1038
0.2181	0.2439	0.3165	0.0726	0.3225	0.0787	0.2294	0.2439	0.1055	0.104
0.2181	0.2441	0.3167	0.0726	0.3227	0.0786	0.2292	0.2436	0.1062	0.104
0.2183	0.2439	0.3164	0.0725	0.3225	0.0785	0.2291	0.2435	0.1052	0.1039
0.2185	0.2438	0.3164	0.0726	0.3224	0.0786	0.2294	0.2438	0.104	0.104
0.2184	0.2438	0.3163	0.0725	0.3224	0.0786	0.2293	0.2437	0.1042	0.1039
0.2182	0.2441	0.3166	0.0725	0.3226	0.0785	0.2289	0.2433	0.1061	0.1038
0.2185	0.244	0.3165	0.0725	0.3226	0.0786	0.2291	0.2436	0.1044	0.1039
0.2179	0.244	0.3165	0.0725	0.3226	0.0786	0.2292	0.2436	0.107	0.1039
0.2182	0.2439	0.3165	0.0726	0.3225	0.0786	0.2293	0.2438	0.1053	0.104
0.2184	0.244	0.3167	0.0727	0.3227	0.0787	0.2295	0.244	0.1048	0.1042
0.2181	0.244	0.3167	0.0727	0.3227	0.0787	0.2295	0.2439	0.1061	0.1041
0.2182	0.2441	0.3167	0.0726	0.3227	0.0786	0.2292	0.2436	0.1059	0.104
0.2184	0.244	0.3165	0.0725	0.3225	0.0785	0.2291	0.2435	0.1049	0.1039
0.2182	0.2442	0.3167	0.0725	0.3227	0.0786	0.229	0.2435	0.1063	0.104
0.2184	0.2441	0.3166	0.0725	0.3226	0.0785	0.229	0.2434	0.1055	0.1039
0.2182	0.2443	0.3167	0.0724	0.3227	0.0784	0.2285	0.243	0.1068	0.1038
0.2184	0.2441	0.3165	0.0724	0.3226	0.0785	0.2289	0.2433	0.1054	0.1038
0.2182	0.244	0.3166	0.0726	0.3227	0.0787	0.2293	0.2438	0.106	0.1041
0.2183	0.2442	0.3168	0.0726	0.3228	0.0787	0.2293	0.2437	0.106	0.1041
0.2182	0.244	0.3165	0.0725	0.3225	0.0785	0.229	0.2434	0.1057	0.1038
0.2182	0.2438	0.3163	0.0725	0.3224	0.0785	0.2292	0.2436	0.1052	0.1039
0.2181	0.2441	0.3166	0.0725	0.3226	0.0785	0.229	0.2435	0.1063	0.1039
0.2183	0.244	0.3165	0.0725	0.3226	0.0785	0.2291	0.2435	0.1052	0.1039
0.2182	0.2441	0.3166	0.0725	0.3226	0.0785	0.2289	0.2434	0.1064	0.1039
0.2186	0.244	0.3165	0.0725	0.3226	0.0786	0.2291	0.2435	0.1042	0.1039
0.2185	0.2441	0.3165	0.0725	0.3226	0.0785	0.2289	0.2433	0.1048	0.1038
0.2183	0.244	0.3165	0.0725	0.3225	0.0785	0.2291	0.2435	0.1054	0.1039
0.2182	0.244	0.3165	0.0726	0.3226	0.0786	0.2293	0.2437	0.1057	0.104
0.2182	0.2441	0.3166	0.0725	0.3226	0.0785	0.229	0.2434	0.1061	0.1039
0.2182	0.2442	0.3166	0.0724	0.3226	0.0784	0.2286	0.243	0.1064	0.1037
0.2183	0.2438	0.3164	0.0726	0.3225	0.0786	0.2294	0.2439	0.1045	0.104
0.2184	0.2439	0.3166	0.0726	0.3226	0.0787	0.2295	0.2439	0.1047	0.1041
0.2181	0.2441	0.3167	0.0726	0.3227	0.0787	0.2293	0.2438	0.1066	0.1041
0.2184	0.2439	0.3163	0.0724	0.3224	0.0785	0.229	0.2434	0.1046	0.1038
0.2181	0.2438	0.3162	0.0724	0.3222	0.0784	0.2289	0.2434	0.1052	0.1037
0.2183	0.2443	0.3167	0.0725	0.3228	0.0785	0.2288	0.2432	0.1065	0.1039
0.2184	0.244	0.3164	0.0724	0.3224	0.0784	0.2288	0.2433	0.105	0.1038
0.2183	0.2442	0.3167	0.0725	0.3227	0.0785	0.2288	0.2433	0.1061	0.1039
0.2181	0.2441	0.3166	0.0725	0.3227	0.0786	0.2291	0.2435	0.1064	0.1039
0.2182	0.2442	0.3166	0.0724	0.3226	0.0784	0.2287	0.2431	0.1062	0.1038
0.2184	0.2441	0.3165	0.0724	0.3226	0.0785	0.2289	0.2433	0.1052	0.1038
0.2182	0.244	0.3163	0.0724	0.3223	0.0784	0.2287	0.2432	0.1057	0.1037
0.2185	0.2441	0.3166	0.0725	0.3226	0.0785	0.229	0.2435	0.1046	0.1039
0.2183	0.244	0.3166	0.0726	0.3226	0.0786	0.2293	0.2438	0.1054	0.104
0.2181	0.2441	0.3165	0.0724	0.3225	0.0784	0.2287	0.2431	0.1063	0.1037
0.2183	0.2441	0.3166	0.0725	0.3227	0.0785	0.2289	0.2433	0.1058	0.1039
0.2184	0.2439	0.3164	0.0725	0.3225	0.0786	0.2293	0.2437	0.1046	0.1039
0.2184	0.2441	0.3165	0.0725	0.3226	0.0785	0.229	0.2434	0.1052	0.1039
0.2185	0.2441	0.3166	0.0725	0.3227	0.0786	0.2291	0.2435	0.1048	0.104
0.2182	0.2438	0.3164	0.0726	0.3224	0.0786	0.2294	0.2439	0.105	0.104
0.2182	0.2439	0.3164	0.0725	0.3224	0.0785	0.2291	0.2435	0.1053	0.1038
0.2183	0.244	0.3164	0.0724	0.3225	0.0785	0.2289	0.2433	0.1054	0.1038
0.2186	0.2441	0.3165	0.0724	0.3225	0.0784	0.2288	0.2432	0.1044	0.1038
0.2182	0.2441	0.3166	0.0725	0.3226	0.0785	0.2289	0.2433	0.1063	0.1038
0.2181	0.244	0.3166	0.0726	0.3226	0.0786	0.2292	0.2436	0.1063	0.104
0.2182	0.244	0.3165	0.0724	0.3225	0.0785	0.2289	0.2434	0.1057	0.1038
0.2184	0.244	0.3164	0.0724	0.3225	0.0785	0.2288	0.2433	0.1051	0.1038
0.2182	0.2439	0.3165	0.0726	0.3226	0.0787	0.2294	0.2439	0.1055	0.1041
0.2182	0.2442	0.3167	0.0725	0.3227	0.0786	0.229	0.2435	0.1065	0.104
0.2184	0.2442	0.3166	0.0724	0.3227	0.0785	0.2287	0.2432	0.1056	0.1038
0.2183	0.244	0.3166	0.0726	0.3226	0.0786	0.2293	0.2437	0.1055	0.104
0.2183	0.244	0.3165	0.0725	0.3225	0.0786	0.2291	0.2436	0.1054	0.1039
0.2183	0.2442	0.3167	0.0726	0.3228	0.0786	0.2291	0.2435	0.1061	0.104
0.2185	0.244	0.3165	0.0725	0.3226	0.0786	0.2292	0.2436	0.1047	0.1039
0.2184	0.2442	0.3166	0.0724	0.3226	0.0784	0.2287	0.2431	0.1058	0.1038
0.2182	0.2442	0.3167	0.0725	0.3227	0.0785	0.2289	0.2433	0.1065	0.1039
0.2183	0.244	0.3165	0.0725	0.3225	0.0785	0.2289	0.2434	0.1054	0.1038
0.2186	0.2439	0.3164	0.0725	0.3225	0.0785	0.2291	0.2435	0.1039	0.1039
0.2184	0.2441	0.3165	0.0724	0.3225	0.0784	0.2287	0.2432	0.1053	0.1037
0.2181	0.244	0.3166	0.0726	0.3226	0.0787	0.2294	0.2439	0.1062	0.1041
0.2184	0.2439	0.3164	0.0725	0.3224	0.0785	0.229	0.2435	0.1045	0.1038
0.2183	0.2442	0.3166	0.0724	0.3226	0.0784	0.2287	0.2432	0.1061	0.1038
0.2185	0.2439	0.3164	0.0725	0.3224	0.0786	0.2292	0.2437	0.1041	0.1039
0.2183	0.2439	0.3165	0.0726	0.3225	0.0786	0.2294	0.2439	0.1047	0.104
0.2183	0.2441	0.3167	0.0726	0.3227	0.0786	0.2291	0.2436	0.1056	0.104
0.2181	0.2438	0.3164	0.0726	0.3225	0.0786	0.2293	0.2438	0.1058	0.104
0.2182	0.2439	0.3164	0.0725	0.3224	0.0785	0.2291	0.2435	0.1055	0.1038
0.2182	0.2442	0.3167	0.0725	0.3227	0.0785	0.229	0.2434	0.1064	0.1039
0.2182	0.2441	0.3165	0.0724	0.3226	0.0785	0.2288	0.2432	0.1061	0.1038
0.2184	0.244	0.3165	0.0725	0.3225	0.0785	0.229	0.2435	0.1049	0.1039
0.2181	0.2438	0.3164	0.0726	0.3224	0.0786	0.2295	0.2439	0.1053	0.104
0.2183	0.244	0.3164	0.0724	0.3225	0.0784	0.2287	0.2432	0.1055	0.1037
0.218	0.244	0.3163	0.0724	0.3224	0.0784	0.2288	0.2432	0.1065	0.1037
0.2182	0.2439	0.3164	0.0726	0.3225	0.0786	0.2293	0.2438	0.1053	0.104
0.2181	0.2442	0.3166	0.0724	0.3227	0.0785	0.2288	0.2432	0.1067	0.1038
0.2186	0.2442	0.3166	0.0724	0.3227	0.0784	0.2287	0.2431	0.105	0.1038
0.2181	0.2441	0.3166	0.0725	0.3227	0.0786	0.2291	0.2435	0.1065	0.104
0.2181	0.2441	0.3166	0.0725	0.3227	0.0786	0.229	0.2435	0.1065	0.1039
0.2181	0.2441	0.3166	0.0725	0.3227	0.0786	0.2291	0.2435	0.1066	0.104
0.218	0.244	0.3164	0.0724	0.3224	0.0784	0.2288	0.2432	0.1063	0.1037
0.2181	0.244	0.3165	0.0725	0.3225	0.0786	0.2292	0.2436	0.1061	0.1039
0.2184	0.2439	0.3164	0.0725	0.3224	0.0785	0.2291	0.2435	0.1045	0.1038
0.2185	0.244	0.3165	0.0725	0.3226	0.0785	0.2291	0.2435	0.1046	0.1039
0.2181	0.244	0.3165	0.0725	0.3226	0.0786	0.2292	0.2437	0.1058	0.104
0.2185	0.2439	0.3164	0.0725	0.3225	0.0786	0.2292	0.2437	0.1041	0.1039
0.2184	0.244	0.3164	0.0724	0.3224	0.0784	0.2287	0.2431	0.1049	0.1037
0.2185	0.244	0.3165	0.0725	0.3226	0.0786	0.2291	0.2435	0.1047	0.1039
0.2185	0.2442	0.3166	0.0724	0.3227	0.0785	0.2288	0.2432	0.1053	0.1038
0.2183	0.2441	0.3165	0.0723	0.3225	0.0784	0.2286	0.243	0.1055	0.1037
0.2183	0.2441	0.3165	0.0724	0.3226	0.0785	0.2288	0.2433	0.1056	0.1038
0.2183	0.244	0.3165	0.0726	0.3226	0.0786	0.2293	0.2437	0.1051	0.104
0.2183	0.2441	0.3165	0.0724	0.3225	0.0784	0.2287	0.2432	0.1056	0.1038
0.2185	0.2442	0.3168	0.0726	0.3228	0.0787	0.2293	0.2437	0.1053	0.1041
0.2183	0.244	0.3165	0.0725	0.3225	0.0786	0.2291	0.2436	0.1054	0.1039
0.2183	0.2442	0.3166	0.0724	0.3227	0.0785	0.2288	0.2432	0.106	0.1038
0.2184	0.244	0.3166	0.0725	0.3226	0.0786	0.2291	0.2436	0.1052	0.1039
0.2182	0.2442	0.3166	0.0724	0.3227	0.0785	0.2287	0.2432	0.1063	0.1038
0.2183	0.2441	0.3166	0.0725	0.3226	0.0785	0.229	0.2435	0.1057	0.1039
0.2184	0.2443	0.3167	0.0724	0.3227	0.0784	0.2286	0.243	0.1061	0.1038
0.2184	0.244	0.3164	0.0724	0.3225	0.0784	0.2288	0.2432	0.1051	0.1038
0.2181	0.2438	0.3164	0.0726	0.3225	0.0787	0.2295	0.244	0.1055	0.1041
0.2181	0.2439	0.3164	0.0725	0.3225	0.0786	0.2291	0.2436	0.1061	0.1039
0.2183	0.244	0.3164	0.0724	0.3225	0.0784	0.2288	0.2433	0.1054	0.1038
0.2185	0.2443	0.3167	0.0724	0.3227	0.0784	0.2285	0.2429	0.1057	0.1037
0.2185	0.2439	0.3163	0.0724	0.3224	0.0785	0.229	0.2434	0.1043	0.1038
0.2181	0.244	0.3165	0.0725	0.3226	0.0786	0.2292	0.2436	0.1062	0.1039
0.2181	0.2439	0.3165	0.0726	0.3225	0.0786	0.2292	0.2437	0.1059	0.104
0.2183	0.2442	0.3167	0.0725	0.3227	0.0785	0.2289	0.2433	0.106	0.1039
0.2182	0.2441	0.3165	0.0723	0.3225	0.0784	0.2286	0.243	0.1062	0.1037
0.2182	0.2439	0.3166	0.0726	0.3226	0.0787	0.2294	0.2439	0.1055	0.1041
0.2184	0.244	0.3165	0.0725	0.3226	0.0785	0.229	0.2434	0.1051	0.1039
0.2186	0.2441	0.3165	0.0724	0.3225	0.0784	0.2287	0.2431	0.1045	0.1037
0.2182	0.244	0.3165	0.0725	0.3226	0.0786	0.2292	0.2436	0.1055	0.1039
0.2182	0.2439	0.3165	0.0726	0.3226	0.0787	0.2295	0.244	0.1054	0.1041
0.2182	0.2441	0.3165	0.0725	0.3226	0.0785	0.2289	0.2433	0.106	0.1038
0.2182	0.244	0.3164	0.0724	0.3225	0.0784	0.2288	0.2433	0.1059	0.1038
0.2182	0.244	0.3165	0.0725	0.3226	0.0786	0.2291	0.2436	0.1058	0.1039
0.2182	0.2442	0.3167	0.0725	0.3227	0.0785	0.2289	0.2434	0.1062	0.1039
0.2183	0.2439	0.3165	0.0726	0.3225	0.0787	0.2295	0.2439	0.1048	0.104
0.2183	0.2442	0.3167	0.0725	0.3227	0.0785	0.2289	0.2433	0.1059	0.1039
0.218	0.244	0.3164	0.0724	0.3224	0.0784	0.2288	0.2432	0.1065	0.1037
0.2183	0.244	0.3166	0.0726	0.3226	0.0786	0.2292	0.2437	0.1052	0.104
0.2182	0.244	0.3164	0.0724	0.3224	0.0785	0.229	0.2434	0.1054	0.1038
0.2183	0.2439	0.3164	0.0725	0.3224	0.0785	0.2292	0.2436	0.1049	0.1039
0.2182	0.2442	0.3167	0.0725	0.3228	0.0786	0.2291	0.2435	0.1063	0.104
0.2182	0.2439	0.3165	0.0726	0.3225	0.0786	0.2293	0.2437	0.1054	0.104
0.2183	0.2439	0.3164	0.0725	0.3224	0.0786	0.2292	0.2437	0.105	0.1039
0.2184	0.2442	0.3166	0.0724	0.3227	0.0784	0.2287	0.2431	0.1057	0.1038
0.2184	0.2436	0.3163	0.0727	0.3223	0.0787	0.2298	0.2443	0.1034	0.1041
0.2182	0.2442	0.3166	0.0724	0.3227	0.0784	0.2287	0.2431	0.1065	0.1038
0.2184	0.2441	0.3166	0.0725	0.3226	0.0785	0.229	0.2434	0.1053	0.1039
0.2186	0.2441	0.3166	0.0726	0.3227	0.0786	0.2292	0.2437	0.1045	0.104
0.218	0.244	0.3166	0.0726	0.3226	0.0786	0.2293	0.2437	0.1066	0.104
0.2182	0.2439	0.3164	0.0726	0.3225	0.0786	0.2293	0.2438	0.1053	0.104
0.2184	0.244	0.3166	0.0726	0.3226	0.0786	0.2293	0.2437	0.1049	0.104
0.2185	0.244	0.3165	0.0725	0.3226	0.0785	0.229	0.2434	0.1047	0.1039
0.2185	0.244	0.3166	0.0726	0.3226	0.0786	0.2293	0.2437	0.1045	0.104
0.2186	0.2441	0.3166	0.0725	0.3226	0.0785	0.2289	0.2433	0.1048	0.1038
0.2182	0.2439	0.3165	0.0726	0.3225	0.0786	0.2293	0.2437	0.1053	0.104
0.2182	0.244	0.3166	0.0725	0.3226	0.0786	0.2292	0.2436	0.1057	0.104
0.2183	0.244	0.3165	0.0725	0.3225	0.0785	0.229	0.2434	0.1055	0.1038
0.218	0.2442	0.3167	0.0726	0.3228	0.0786	0.2291	0.2436	0.1073	0.104
0.2183	0.244	0.3164	0.0724	0.3224	0.0785	0.229	0.2434	0.1052	0.1038
0.2183	0.244	0.3166	0.0726	0.3226	0.0786	0.2293	0.2437	0.1051	0.104
0.2185	0.2443	0.3167	0.0724	0.3227	0.0785	0.2287	0.2432	0.1054	0.1038
0.2181	0.244	0.3164	0.0724	0.3225	0.0785	0.2289	0.2434	0.1061	0.1038
0.2182	0.2442	0.3166	0.0724	0.3226	0.0785	0.2288	0.2432	0.1064	0.1038
0.2182	0.2439	0.3164	0.0725	0.3225	0.0785	0.2291	0.2436	0.1055	0.1039
0.2183	0.2442	0.3166	0.0724	0.3227	0.0785	0.2287	0.2432	0.1061	0.1038
0.2183	0.2441	0.3167	0.0726	0.3227	0.0786	0.2292	0.2437	0.1055	0.104
0.2181	0.244	0.3164	0.0725	0.3225	0.0785	0.2291	0.2435	0.1058	0.1039
0.2182	0.2439	0.3165	0.0727	0.3226	0.0787	0.2295	0.244	0.1053	0.1041
0.2184	0.2442	0.3166	0.0724	0.3227	0.0785	0.2288	0.2432	0.1055	0.1038
0.2185	0.244	0.3165	0.0725	0.3225	0.0785	0.229	0.2434	0.1047	0.1038
0.2181	0.244	0.3164	0.0724	0.3225	0.0785	0.2289	0.2433	0.1062	0.1038
0.2182	0.2439	0.3165	0.0726	0.3225	0.0786	0.2293	0.2437	0.1053	0.104
0.2184	0.2441	0.3166	0.0725	0.3226	0.0786	0.2291	0.2435	0.1053	0.1039
0.2181	0.2442	0.3166	0.0724	0.3227	0.0784	0.2286	0.2431	0.1069	0.1038
0.2181	0.2438	0.3163	0.0725	0.3223	0.0785	0.2291	0.2435	0.1054	0.1038
0.2182	0.2442	0.3165	0.0724	0.3225	0.0784	0.2286	0.243	0.1063	0.1037
0.2184	0.244	0.3164	0.0725	0.3225	0.0785	0.229	0.2434	0.1047	0.1038
0.218	0.2439	0.3165	0.0725	0.3225	0.0786	0.2291	0.2436	0.1062	0.1039
0.2183	0.244	0.3165	0.0725	0.3226	0.0786	0.2292	0.2437	0.1054	0.104
0.2184	0.2439	0.3165	0.0725	0.3225	0.0786	0.2292	0.2436	0.1048	0.1039
0.2183	0.2438	0.3165	0.0727	0.3225	0.0787	0.2297	0.2442	0.1046	0.1041
0.2181	0.2442	0.3166	0.0724	0.3226	0.0785	0.2288	0.2432	0.1068	0.1038
0.2182	0.244	0.3165	0.0725	0.3225	0.0785	0.2289	0.2434	0.1058	0.1038
0.2183	0.2442	0.3166	0.0725	0.3227	0.0785	0.2289	0.2433	0.1061	0.1039
0.2182	0.2441	0.3166	0.0726	0.3227	0.0786	0.2291	0.2436	0.1062	0.104
0.2185	0.2442	0.3167	0.0724	0.3227	0.0784	0.2287	0.2431	0.1052	0.1038
0.2183	0.244	0.3164	0.0724	0.3224	0.0784	0.2289	0.2433	0.1052	0.1038
0.2183	0.244	0.3165	0.0726	0.3226	0.0786	0.2292	0.2437	0.1051	0.104
0.2183	0.244	0.3167	0.0726	0.3227	0.0787	0.2293	0.2438	0.1056	0.1041
0.2183	0.2441	0.3167	0.0726	0.3227	0.0786	0.2291	0.2436	0.1057	0.104
0.2182	0.2439	0.3164	0.0725	0.3224	0.0785	0.2291	0.2436	0.1053	0.1039
0.2182	0.2439	0.3164	0.0725	0.3224	0.0786	0.2292	0.2437	0.1054	0.1039
0.2184	0.244	0.3164	0.0724	0.3224	0.0784	0.2289	0.2433	0.1046	0.1037
0.2182	0.2439	0.3166	0.0727	0.3226	0.0787	0.2296	0.244	0.1053	0.1041
0.2182	0.2442	0.3167	0.0725	0.3228	0.0786	0.229	0.2434	0.1064	0.1039
0.2185	0.244	0.3166	0.0726	0.3227	0.0787	0.2294	0.2438	0.1047	0.1041
0.2182	0.2442	0.3167	0.0725	0.3228	0.0786	0.229	0.2435	0.1064	0.104
0.2183	0.244	0.3165	0.0725	0.3226	0.0785	0.2291	0.2435	0.1055	0.1039
0.2188	0.2441	0.3166	0.0725	0.3226	0.0785	0.229	0.2435	0.1035	0.1039
0.2184	0.2442	0.3166	0.0724	0.3227	0.0785	0.2288	0.2432	0.1056	0.1038
0.2181	0.2441	0.3167	0.0726	0.3227	0.0786	0.2292	0.2437	0.1064	0.104
0.2182	0.244	0.3166	0.0726	0.3226	0.0787	0.2294	0.2439	0.1055	0.1041
0.2183	0.2438	0.3165	0.0727	0.3225	0.0787	0.2296	0.244	0.1046	0.1041
0.2182	0.2444	0.3168	0.0723	0.3228	0.0784	0.2284	0.2428	0.1071	0.1037
0.2181	0.244	0.3166	0.0726	0.3226	0.0786	0.2293	0.2437	0.1063	0.104
0.218	0.244	0.3166	0.0726	0.3226	0.0787	0.2294	0.2438	0.1065	0.1041
0.2181	0.2437	0.3163	0.0726	0.3223	0.0786	0.2295	0.244	0.1049	0.104
0.2185	0.2442	0.3167	0.0725	0.3227	0.0785	0.229	0.2434	0.1052	0.1039
0.2183	0.2441	0.3165	0.0725	0.3226	0.0785	0.229	0.2434	0.1057	0.1039
0.2183	0.2442	0.3167	0.0725	0.3227	0.0786	0.229	0.2435	0.106	0.104
0.2182	0.244	0.3165	0.0725	0.3226	0.0786	0.2291	0.2435	0.1056	0.1039
0.218	0.2441	0.3166	0.0725	0.3227	0.0785	0.2289	0.2434	0.1069	0.1039
0.2182	0.2441	0.3167	0.0726	0.3227	0.0786	0.2292	0.2437	0.1061	0.104
0.2183	0.2439	0.3164	0.0725	0.3225	0.0786	0.2292	0.2436	0.1049	0.1039
0.218	0.244	0.3165	0.0725	0.3225	0.0785	0.229	0.2435	0.1063	0.1039
0.2186	0.2439	0.3165	0.0725	0.3225	0.0786	0.2292	0.2437	0.1037	0.1039
0.2184	0.2441	0.3166	0.0725	0.3226	0.0785	0.2289	0.2434	0.1052	0.1039
0.2181	0.244	0.3165	0.0724	0.3225	0.0785	0.2288	0.2433	0.1063	0.1038
0.2184	0.2441	0.3165	0.0724	0.3226	0.0785	0.2289	0.2433	0.105	0.1038
0.2183	0.2442	0.3166	0.0724	0.3227	0.0785	0.2287	0.2431	0.1059	0.1038
0.2184	0.2441	0.3165	0.0725	0.3226	0.0785	0.2289	0.2434	0.1052	0.1038
0.2182	0.2438	0.3165	0.0727	0.3226	0.0787	0.2297	0.2441	0.105	0.1041
0.2182	0.244	0.3165	0.0725	0.3226	0.0785	0.229	0.2434	0.1058	0.1039
0.2184	0.2442	0.3168	0.0726	0.3228	0.0786	0.2292	0.2436	0.1057	0.104
0.2183	0.2441	0.3164	0.0723	0.3225	0.0784	0.2286	0.243	0.1057	0.1037
0.2184	0.2443	0.3167	0.0725	0.3228	0.0785	0.2288	0.2432	0.1058	0.1039
0.2182	0.2439	0.3164	0.0725	0.3225	0.0786	0.2293	0.2437	0.1053	0.1039
0.2181	0.2442	0.3167	0.0725	0.3227	0.0786	0.229	0.2434	0.1068	0.1039
0.2182	0.2441	0.3165	0.0724	0.3225	0.0784	0.2287	0.2431	0.1063	0.1037
0.2184	0.2441	0.3166	0.0725	0.3226	0.0785	0.2289	0.2433	0.1054	0.1039
0.2184	0.2443	0.3167	0.0724	0.3227	0.0784	0.2286	0.243	0.106	0.1038
0.2181	0.2439	0.3165	0.0726	0.3226	0.0786	0.2293	0.2438	0.1061	0.104
0.2184	0.244	0.3164	0.0724	0.3225	0.0784	0.2288	0.2432	0.1052	0.1038
0.2181	0.2441	0.3166	0.0725	0.3227	0.0785	0.229	0.2434	0.1066	0.1039
0.2182	0.2441	0.3166	0.0725	0.3226	0.0786	0.229	0.2435	0.1062	0.1039
0.2183	0.2441	0.3166	0.0724	0.3226	0.0785	0.2288	0.2432	0.1059	0.1038
0.2184	0.2441	0.3165	0.0725	0.3226	0.0785	0.2289	0.2433	0.1054	0.1038
0.2181	0.2441	0.3166	0.0725	0.3227	0.0785	0.229	0.2434	0.1065	0.1039
0.2184	0.244	0.3166	0.0726	0.3226	0.0787	0.2294	0.2438	0.1047	0.104
0.2184	0.244	0.3165	0.0725	0.3225	0.0785	0.2291	0.2435	0.1048	0.1039
0.2181	0.244	0.3166	0.0725	0.3226	0.0786	0.2292	0.2436	0.1062	0.104
0.2184	0.2441	0.3165	0.0725	0.3226	0.0785	0.2289	0.2434	0.1054	0.1039
0.2183	0.2438	0.3165	0.0726	0.3225	0.0787	0.2295	0.244	0.1047	0.1041
0.2183	0.2442	0.3166	0.0723	0.3226	0.0784	0.2285	0.243	0.1061	0.1037
0.2183	0.244	0.3166	0.0725	0.3226	0.0786	0.2291	0.2436	0.1056	0.1039
0.2182	0.2439	0.3165	0.0726	0.3226	0.0786	0.2293	0.2438	0.1055	0.104
0.2183	0.2442	0.3166	0.0724	0.3227	0.0784	0.2287	0.2431	0.1063	0.1038
0.2184	0.2441	0.3167	0.0726	0.3227	0.0787	0.2293	0.2437	0.1052	0.1041
0.2184	0.2443	0.3167	0.0724	0.3227	0.0785	0.2287	0.2432	0.1059	0.1039
0.2184	0.244	0.3165	0.0725	0.3226	0.0786	0.2291	0.2435	0.1048	0.1039
0.2186	0.2441	0.3167	0.0726	0.3227	0.0786	0.2291	0.2436	0.1046	0.104
0.2182	0.2439	0.3165	0.0725	0.3225	0.0786	0.2292	0.2437	0.1052	0.1039
0.2182	0.2438	0.3165	0.0727	0.3225	0.0787	0.2296	0.244	0.1051	0.1041
0.218	0.244	0.3165	0.0725	0.3225	0.0785	0.2289	0.2434	0.1066	0.1038
0.2185	0.2443	0.3168	0.0725	0.3228	0.0785	0.2288	0.2433	0.1057	0.1039
0.2183	0.2438	0.3163	0.0726	0.3224	0.0786	0.2294	0.2439	0.1046	0.104
0.2184	0.2442	0.3167	0.0724	0.3227	0.0785	0.2287	0.2431	0.1057	0.1038
0.2182	0.2442	0.3167	0.0725	0.3227	0.0785	0.2289	0.2434	0.1065	0.1039
0.2183	0.2439	0.3166	0.0727	0.3227	0.0787	0.2296	0.244	0.1049	0.1041
0.2183	0.2438	0.3163	0.0725	0.3223	0.0785	0.2292	0.2437	0.1043	0.1039
0.2183	0.2443	0.3167	0.0724	0.3227	0.0784	0.2285	0.2429	0.1065	0.1037
0.2182	0.2443	0.3167	0.0724	0.3227	0.0785	0.2287	0.2431	0.1068	0.1038
0.2183	0.244	0.3165	0.0725	0.3225	0.0786	0.2292	0.2436	0.1053	0.1039
0.2181	0.2441	0.3165	0.0725	0.3226	0.0785	0.2289	0.2434	0.1062	0.1038
0.2183	0.2441	0.3166	0.0725	0.3227	0.0786	0.2291	0.2435	0.1057	0.1039
0.2182	0.2438	0.3163	0.0726	0.3224	0.0786	0.2294	0.2439	0.1048	0.104
0.2185	0.2441	0.3166	0.0725	0.3227	0.0785	0.2289	0.2433	0.105	0.1039
0.2182	0.2438	0.3163	0.0726	0.3224	0.0786	0.2294	0.2438	0.1049	0.1039
0.2182	0.2441	0.3167	0.0726	0.3227	0.0786	0.2292	0.2436	0.1062	0.104
0.2184	0.244	0.3164	0.0725	0.3225	0.0785	0.229	0.2434	0.1049	0.1038
0.2181	0.244	0.3165	0.0725	0.3226	0.0786	0.2292	0.2436	0.106	0.104
0.2182	0.2441	0.3167	0.0725	0.3227	0.0786	0.229	0.2435	0.1062	0.1039
0.2184	0.244	0.3165	0.0725	0.3226	0.0785	0.229	0.2435	0.105	0.1039
0.2183	0.2442	0.3168	0.0726	0.3229	0.0787	0.2292	0.2436	0.1062	0.1041
0.2182	0.244	0.3165	0.0725	0.3225	0.0786	0.2292	0.2436	0.1057	0.1039
0.2184	0.244	0.3165	0.0725	0.3225	0.0786	0.2292	0.2436	0.1048	0.1039
0.2182	0.244	0.3167	0.0726	0.3227	0.0787	0.2294	0.2439	0.1056	0.1041
0.2181	0.2442	0.3167	0.0725	0.3227	0.0786	0.229	0.2435	0.1069	0.104
0.2184	0.2439	0.3165	0.0726	0.3225	0.0786	0.2293	0.2437	0.1048	0.104
0.218	0.244	0.3164	0.0724	0.3225	0.0785	0.2289	0.2433	0.1067	0.1038
0.2183	0.244	0.3165	0.0725	0.3225	0.0786	0.2292	0.2436	0.1053	0.1039
0.2184	0.244	0.3166	0.0725	0.3226	0.0786	0.2291	0.2436	0.1051	0.1039
0.2182	0.2441	0.3165	0.0725	0.3226	0.0785	0.2289	0.2433	0.106	0.1038
0.2185	0.2441	0.3166	0.0725	0.3227	0.0785	0.2289	0.2434	0.1052	0.1039
0.2181	0.2439	0.3165	0.0726	0.3225	0.0786	0.2292	0.2437	0.1059	0.104
0.2182	0.244	0.3167	0.0726	0.3227	0.0787	0.2293	0.2438	0.1058	0.1041
0.2184	0.244	0.3165	0.0725	0.3225	0.0786	0.2292	0.2436	0.1046	0.1039
0.2183	0.244	0.3165	0.0726	0.3226	0.0786	0.2293	0.2438	0.105	0.104
0.2181	0.244	0.3165	0.0725	0.3226	0.0786	0.2291	0.2435	0.1063	0.1039
0.2185	0.2439	0.3165	0.0725	0.3225	0.0786	0.2292	0.2436	0.1042	0.1039
0.2183	0.2441	0.3167	0.0726	0.3227	0.0786	0.2291	0.2435	0.1058	0.104
0.2183	0.2439	0.3165	0.0727	0.3226	0.0787	0.2296	0.2441	0.1047	0.1041
0.2182	0.2439	0.3162	0.0723	0.3222	0.0784	0.2288	0.2432	0.1052	0.1036
0.2183	0.2439	0.3165	0.0725	0.3225	0.0786	0.2292	0.2437	0.105	0.1039
0.2184	0.2443	0.3167	0.0724	0.3227	0.0784	0.2286	0.243	0.106	0.1038
0.2183	0.244	0.3164	0.0724	0.3225	0.0785	0.2289	0.2433	0.1054	0.1038
0.2183	0.2442	0.3166	0.0724	0.3227	0.0785	0.2288	0.2432	0.1058	0.1038
0.2182	0.2441	0.3166	0.0725	0.3227	0.0785	0.229	0.2434	0.106	0.1039
0.2185	0.244	0.3164	0.0725	0.3225	0.0785	0.229	0.2434	0.1045	0.1038
0.2184	0.244	0.3164	0.0724	0.3225	0.0785	0.2289	0.2433	0.1048	0.1038
0.2183	0.2442	0.3167	0.0725	0.3227	0.0785	0.2289	0.2433	0.1061	0.1039
0.2181	0.2444	0.3168	0.0725	0.3229	0.0785	0.2287	0.2432	0.1075	0.1039
0.2181	0.2439	0.3164	0.0725	0.3225	0.0785	0.2292	0.2436	0.1058	0.1039
0.2184	0.244	0.3165	0.0725	0.3225	0.0785	0.229	0.2434	0.1049	0.1038
0.2185	0.2439	0.3164	0.0726	0.3225	0.0786	0.2293	0.2438	0.104	0.104
0.2185	0.2441	0.3165	0.0724	0.3225	0.0785	0.2288	0.2433	0.1047	0.1038
0.2182	0.2438	0.3165	0.0727	0.3225	0.0788	0.2297	0.2442	0.105	0.1042
0.2181	0.244	0.3166	0.0725	0.3226	0.0786	0.2292	0.2436	0.1065	0.104
0.2184	0.2441	0.3165	0.0725	0.3226	0.0785	0.229	0.2434	0.1052	0.1039
0.2183	0.2439	0.3165	0.0726	0.3225	0.0786	0.2293	0.2438	0.105	0.104
0.2183	0.2441	0.3166	0.0724	0.3226	0.0785	0.2288	0.2433	0.1057	0.1038
0.2184	0.2442	0.3167	0.0725	0.3228	0.0786	0.2289	0.2434	0.1056	0.1039
0.2184	0.244	0.3165	0.0725	0.3226	0.0786	0.2291	0.2436	0.105	0.1039
0.2184	0.244	0.3164	0.0724	0.3224	0.0784	0.2289	0.2433	0.1046	0.1038
0.2181	0.2439	0.3165	0.0726	0.3225	0.0786	0.2293	0.2437	0.1057	0.104
0.2185	0.244	0.3164	0.0724	0.3224	0.0785	0.2289	0.2433	0.1042	0.1038
0.2182	0.244	0.3165	0.0725	0.3225	0.0785	0.229	0.2435	0.1055	0.1039
0.2181	0.2441	0.3165	0.0724	0.3225	0.0784	0.2288	0.2432	0.1062	0.1038
0.2184	0.244	0.3165	0.0725	0.3225	0.0785	0.229	0.2435	0.105	0.1039
0.2183	0.244	0.3166	0.0726	0.3227	0.0786	0.2293	0.2437	0.1054	0.104
0.2184	0.2439	0.3164	0.0725	0.3225	0.0786	0.2292	0.2437	0.1046	0.1039
0.2181	0.2441	0.3165	0.0725	0.3226	0.0785	0.2289	0.2433	0.1065	0.1038
0.2185	0.244	0.3166	0.0726	0.3226	0.0787	0.2294	0.2439	0.1042	0.1041
0.2184	0.2441	0.3167	0.0726	0.3227	0.0786	0.2291	0.2435	0.1054	0.104
0.218	0.244	0.3167	0.0726	0.3227	0.0787	0.2294	0.2439	0.1066	0.1041
0.2183	0.244	0.3164	0.0724	0.3224	0.0785	0.2289	0.2433	0.1051	0.1038
0.2181	0.2438	0.3164	0.0726	0.3225	0.0787	0.2295	0.244	0.1052	0.104
0.2183	0.2441	0.3166	0.0725	0.3226	0.0786	0.2291	0.2435	0.1058	0.1039
0.2183	0.2439	0.3165	0.0726	0.3226	0.0787	0.2294	0.2439	0.105	0.1041
0.218	0.2437	0.3163	0.0726	0.3224	0.0787	0.2296	0.244	0.1054	0.104
0.2182	0.2441	0.3166	0.0725	0.3227	0.0786	0.229	0.2435	0.1061	0.1039
0.2184	0.244	0.3166	0.0726	0.3227	0.0787	0.2293	0.2438	0.1051	0.104
0.2183	0.2439	0.3164	0.0725	0.3224	0.0785	0.2291	0.2435	0.105	0.1038
0.2183	0.2441	0.3167	0.0726	0.3228	0.0787	0.2293	0.2438	0.1056	0.1041
0.2183	0.244	0.3167	0.0727	0.3227	0.0787	0.2295	0.2439	0.1053	0.1041
0.2183	0.2442	0.3165	0.0723	0.3225	0.0783	0.2285	0.2429	0.106	0.1036
0.2182	0.2437	0.3162	0.0725	0.3223	0.0785	0.2292	0.2437	0.1048	0.1038
0.2182	0.244	0.3166	0.0726	0.3227	0.0787	0.2294	0.2439	0.1057	0.1041
0.2183	0.2441	0.3167	0.0726	0.3228	0.0786	0.2292	0.2436	0.1059	0.104
0.2181	0.244	0.3166	0.0726	0.3226	0.0786	0.2293	0.2437	0.106	0.104
0.2187	0.2441	0.3165	0.0724	0.3225	0.0785	0.2289	0.2433	0.104	0.1038
0.2184	0.2441	0.3166	0.0725	0.3227	0.0786	0.2291	0.2436	0.105	0.104
0.2181	0.244	0.3164	0.0725	0.3225	0.0785	0.229	0.2435	0.1061	0.1038
0.2184	0.244	0.3164	0.0724	0.3224	0.0785	0.2289	0.2434	0.1048	0.1038
0.2185	0.2441	0.3165	0.0724	0.3226	0.0785	0.2288	0.2432	0.1049	0.1038
0.218	0.2438	0.3165	0.0727	0.3226	0.0788	0.2298	0.2442	0.1056	0.1042
0.2185	0.2442	0.3166	0.0724	0.3226	0.0784	0.2286	0.2431	0.1054	0.1037
0.2184	0.2442	0.3166	0.0725	0.3227	0.0785	0.2288	0.2433	0.1056	0.1038
0.2182	0.2441	0.3163	0.0722	0.3223	0.0782	0.2283	0.2427	0.106	0.1035
0.2182	0.2441	0.3166	0.0725	0.3226	0.0785	0.229	0.2434	0.1061	0.1039
0.2182	0.2441	0.3166	0.0724	0.3226	0.0785	0.2289	0.2433	0.1064	0.1038
0.2184	0.2441	0.3166	0.0725	0.3226	0.0786	0.229	0.2435	0.1054	0.1039
0.2184	0.2439	0.3165	0.0726	0.3225	0.0786	0.2292	0.2437	0.1047	0.104
0.2183	0.244	0.3166	0.0726	0.3226	0.0786	0.2292	0.2437	0.1055	0.104
0.2184	0.2441	0.3165	0.0724	0.3226	0.0784	0.2288	0.2432	0.1053	0.1038
0.2182	0.2443	0.3167	0.0724	0.3227	0.0784	0.2286	0.243	0.1065	0.1038
0.2183	0.2438	0.3164	0.0726	0.3225	0.0787	0.2295	0.2439	0.1048	0.104
0.2182	0.2441	0.3167	0.0726	0.3228	0.0787	0.2292	0.2437	0.106	0.104
0.2185	0.244	0.3164	0.0724	0.3224	0.0784	0.2289	0.2433	0.1046	0.1038
0.2186	0.2442	0.3166	0.0724	0.3227	0.0785	0.2288	0.2432	0.1047	0.1038
0.2184	0.244	0.3164	0.0724	0.3224	0.0784	0.2288	0.2432	0.1049	0.1037
0.2182	0.244	0.3167	0.0727	0.3228	0.0788	0.2295	0.244	0.1059	0.1042
0.2183	0.2439	0.3165	0.0726	0.3225	0.0786	0.2293	0.2438	0.1049	0.104
0.2182	0.244	0.3166	0.0726	0.3226	0.0787	0.2293	0.2438	0.1056	0.104
0.2184	0.244	0.3164	0.0725	0.3225	0.0785	0.2291	0.2435	0.1048	0.1039
0.2181	0.2439	0.3164	0.0725	0.3225	0.0785	0.2291	0.2435	0.1059	0.1039
0.2181	0.2441	0.3165	0.0724	0.3226	0.0785	0.2289	0.2433	0.1063	0.1038
0.2184	0.2441	0.3165	0.0725	0.3226	0.0785	0.2289	0.2434	0.1051	0.1038
0.2184	0.244	0.3165	0.0725	0.3226	0.0786	0.2292	0.2436	0.1051	0.104
0.2186	0.2442	0.3167	0.0725	0.3227	0.0785	0.2289	0.2433	0.105	0.1039
0.2183	0.244	0.3166	0.0726	0.3226	0.0786	0.2292	0.2437	0.1052	0.104
0.2184	0.244	0.3166	0.0726	0.3227	0.0787	0.2294	0.2439	0.1047	0.1041
0.2186	0.2443	0.3167	0.0724	0.3227	0.0784	0.2287	0.2431	0.1049	0.1038
0.2181	0.244	0.3166	0.0726	0.3226	0.0786	0.2292	0.2436	0.1061	0.104
0.2183	0.2439	0.3165	0.0725	0.3225	0.0786	0.2292	0.2437	0.1051	0.1039
0.2186	0.2441	0.3166	0.0725	0.3226	0.0785	0.2289	0.2433	0.1048	0.1039
0.2184	0.2441	0.3166	0.0725	0.3226	0.0785	0.229	0.2434	0.1052	0.1039
0.2185	0.2441	0.3165	0.0724	0.3225	0.0784	0.2287	0.2431	0.1049	0.1037
0.2182	0.2441	0.3164	0.0724	0.3225	0.0784	0.2287	0.2431	0.1062	0.1037
0.2182	0.2439	0.3165	0.0726	0.3226	0.0786	0.2293	0.2437	0.1056	0.104
0.2184	0.244	0.3165	0.0725	0.3226	0.0785	0.229	0.2434	0.1052	0.1039
0.2185	0.2441	0.3165	0.0724	0.3225	0.0785	0.2288	0.2433	0.105	0.1038
0.2184	0.2441	0.3166	0.0725	0.3226	0.0785	0.2289	0.2433	0.1055	0.1039
0.2183	0.2441	0.3166	0.0725	0.3226	0.0785	0.2288	0.2433	0.1059	0.1038
0.2182	0.2441	0.3167	0.0725	0.3227	0.0786	0.229	0.2435	0.1064	0.104
0.2182	0.2441	0.3165	0.0724	0.3225	0.0784	0.2288	0.2432	0.1062	0.1038
0.2181	0.2439	0.3164	0.0725	0.3225	0.0785	0.2291	0.2435	0.106	0.1039
0.2183	0.2439	0.3164	0.0725	0.3225	0.0786	0.2292	0.2436	0.1051	0.1039
0.2179	0.244	0.3166	0.0726	0.3227	0.0787	0.2294	0.2439	0.1067	0.1041
0.2183	0.2441	0.3167	0.0726	0.3227	0.0787	0.2293	0.2438	0.1055	0.1041
0.2185	0.244	0.3165	0.0725	0.3225	0.0785	0.229	0.2434	0.1044	0.1038
0.2182	0.244	0.3165	0.0725	0.3225	0.0785	0.2289	0.2434	0.1059	0.1038
0.2182	0.2442	0.3167	0.0725	0.3227	0.0785	0.2288	0.2433	0.1064	0.1039
0.2186	0.2443	0.3167	0.0724	0.3227	0.0785	0.2287	0.2432	0.1049	0.1038
0.2184	0.2439	0.3164	0.0725	0.3224	0.0785	0.2291	0.2436	0.1046	0.1039
0.2183	0.2441	0.3166	0.0725	0.3227	0.0786	0.2291	0.2435	0.1058	0.104
0.2185	0.2441	0.3166	0.0725	0.3226	0.0785	0.229	0.2434	0.105	0.1039
0.2184	0.2439	0.3165	0.0725	0.3225	0.0786	0.2292	0.2437	0.1045	0.1039
0.2183	0.2442	0.3167	0.0725	0.3227	0.0785	0.2288	0.2433	0.1062	0.1039
0.2181	0.2438	0.3165	0.0727	0.3225	0.0787	0.2296	0.244	0.1055	0.1041
0.2182	0.244	0.3165	0.0725	0.3225	0.0786	0.2291	0.2436	0.1056	0.1039
0.2183	0.2442	0.3165	0.0723	0.3225	0.0783	0.2285	0.2429	0.106	0.1036
0.2183	0.2442	0.3167	0.0725	0.3228	0.0786	0.229	0.2435	0.106	0.104
0.2183	0.2439	0.3165	0.0726	0.3225	0.0786	0.2293	0.2438	0.1051	0.104
0.2183	0.2439	0.3166	0.0726	0.3226	0.0787	0.2294	0.2439	0.1053	0.1041
0.2183	0.244	0.3165	0.0725	0.3225	0.0786	0.2291	0.2436	0.1051	0.1039
0.2182	0.244	0.3165	0.0725	0.3225	0.0785	0.229	0.2434	0.1056	0.1038
0.2182	0.244	0.3166	0.0726	0.3227	0.0786	0.2292	0.2437	0.1059	0.104
0.2184	0.2441	0.3167	0.0726	0.3227	0.0786	0.2291	0.2436	0.1053	0.104
0.2186	0.2441	0.3166	0.0725	0.3226	0.0785	0.2289	0.2434	0.1046	0.1039
0.2183	0.2441	0.3167	0.0725	0.3227	0.0786	0.229	0.2435	0.106	0.1039
0.2183	0.244	0.3167	0.0727	0.3227	0.0788	0.2296	0.2441	0.1052	0.1042
0.2185	0.2439	0.3165	0.0726	0.3226	0.0786	0.2293	0.2438	0.1044	0.104
0.2184	0.2441	0.3166	0.0725	0.3226	0.0785	0.2289	0.2433	0.1055	0.1039
0.2183	0.2443	0.3168	0.0724	0.3228	0.0785	0.2287	0.2431	0.1064	0.1039
0.2185	0.2441	0.3165	0.0724	0.3225	0.0784	0.2287	0.2432	0.1049	0.1037
0.2182	0.244	0.3164	0.0724	0.3224	0.0784	0.2289	0.2433	0.1058	0.1038
0.2181	0.2442	0.3165	0.0723	0.3226	0.0784	0.2285	0.2429	0.1069	0.1037
0.2182	0.2441	0.3166	0.0725	0.3227	0.0786	0.2291	0.2436	0.1061	0.104
0.2179	0.2439	0.3164	0.0726	0.3225	0.0786	0.2293	0.2437	0.1066	0.1039
0.2181	0.2441	0.3166	0.0725	0.3227	0.0786	0.2291	0.2435	0.1064	0.1039
0.2181	0.244	0.3166	0.0726	0.3226	0.0787	0.2293	0.2438	0.106	0.104
0.2182	0.2441	0.3166	0.0725	0.3226	0.0785	0.229	0.2434	0.106	0.1039
0.2185	0.244	0.3166	0.0726	0.3226	0.0786	0.2292	0.2437	0.1047	0.104
0.2182	0.244	0.3165	0.0725	0.3225	0.0785	0.229	0.2435	0.1059	0.1039
0.2181	0.2442	0.3167	0.0725	0.3227	0.0785	0.229	0.2434	0.1067	0.1039
0.2184	0.2439	0.3165	0.0726	0.3225	0.0786	0.2293	0.2437	0.1047	0.104
0.2182	0.2441	0.3166	0.0725	0.3227	0.0785	0.229	0.2434	0.1061	0.1039
0.2183	0.244	0.3166	0.0727	0.3227	0.0787	0.2296	0.244	0.1053	0.1042
0.2183	0.244	0.3165	0.0725	0.3226	0.0786	0.2291	0.2435	0.1054	0.1039
0.2182	0.2442	0.3168	0.0726	0.3228	0.0786	0.2291	0.2435	0.1065	0.104
0.2186	0.2441	0.3166	0.0725	0.3226	0.0785	0.2289	0.2433	0.1046	0.1039
0.2183	0.2441	0.3164	0.0724	0.3225	0.0784	0.2288	0.2432	0.1056	0.1038
0.2183	0.2443	0.3167	0.0725	0.3228	0.0785	0.2288	0.2432	0.1062	0.1039
0.2183	0.2441	0.3165	0.0724	0.3225	0.0784	0.2288	0.2432	0.1056	0.1038
0.2183	0.2442	0.3168	0.0726	0.3228	0.0787	0.2293	0.2437	0.1061	0.1041
0.2185	0.2441	0.3166	0.0724	0.3226	0.0785	0.2288	0.2433	0.1048	0.1038
0.2182	0.244	0.3164	0.0724	0.3224	0.0784	0.2288	0.2433	0.1058	0.1038
0.2182	0.244	0.3164	0.0724	0.3225	0.0784	0.2288	0.2432	0.1061	0.1037
0.2183	0.244	0.3166	0.0726	0.3226	0.0786	0.2293	0.2437	0.1054	0.104
0.2182	0.2442	0.3168	0.0726	0.3229	0.0786	0.2291	0.2435	0.1064	0.104
0.2183	0.2441	0.3166	0.0725	0.3226	0.0785	0.2289	0.2434	0.1058	0.1039
0.2183	0.2443	0.3167	0.0724	0.3228	0.0785	0.2287	0.2431	0.1066	0.1038
0.2186	0.2438	0.3163	0.0725	0.3224	0.0785	0.2292	0.2436	0.1036	0.1039
0.2183	0.244	0.3165	0.0725	0.3225	0.0785	0.229	0.2435	0.1053	0.1039
0.2184	0.2441	0.3166	0.0725	0.3226	0.0786	0.2291	0.2435	0.1054	0.1039
0.2184	0.2442	0.3167	0.0725	0.3228	0.0786	0.229	0.2434	0.1057	0.104
0.2184	0.2441	0.3164	0.0723	0.3225	0.0783	0.2285	0.2429	0.1056	0.1036
0.2186	0.2439	0.3163	0.0724	0.3223	0.0784	0.2288	0.2432	0.1039	0.1037
0.2184	0.2441	0.3166	0.0725	0.3226	0.0785	0.229	0.2434	0.1052	0.1039
0.2181	0.2442	0.3167	0.0725	0.3227	0.0785	0.2289	0.2434	0.1067	0.1039
0.2183	0.2439	0.3164	0.0724	0.3224	0.0785	0.229	0.2434	0.1052	0.1038
0.2182	0.244	0.3166	0.0726	0.3227	0.0786	0.2293	0.2437	0.1057	0.104
0.2183	0.2441	0.3165	0.0724	0.3225	0.0785	0.2289	0.2433	0.1057	0.1038
0.2182	0.2442	0.3166	0.0724	0.3226	0.0784	0.2287	0.2431	0.1064	0.1038
0.2182	0.2439	0.3164	0.0724	0.3224	0.0785	0.2289	0.2434	0.1054	0.1038
0.2185	0.2441	0.3166	0.0725	0.3226	0.0785	0.229	0.2434	0.1049	0.1039
0.2184	0.2441	0.3165	0.0724	0.3225	0.0784	0.2288	0.2432	0.105	0.1038
0.2183	0.2441	0.3166	0.0725	0.3227	0.0785	0.229	0.2434	0.1059	0.1039
0.2184	0.244	0.3165	0.0725	0.3225	0.0785	0.229	0.2434	0.105	0.1039
0.2185	0.2441	0.3166	0.0724	0.3226	0.0785	0.2288	0.2433	0.1048	0.1038
0.2184	0.244	0.3167	0.0727	0.3227	0.0787	0.2294	0.2439	0.1051	0.1041
0.2182	0.244	0.3166	0.0726	0.3227	0.0786	0.2293	0.2437	0.106	0.104
0.2183	0.2439	0.3165	0.0726	0.3225	0.0786	0.2292	0.2437	0.1053	0.104
0.2179	0.2441	0.3167	0.0726	0.3227	0.0787	0.2293	0.2437	0.1072	0.1041
0.2183	0.2441	0.3166	0.0726	0.3227	0.0786	0.2292	0.2436	0.1054	0.104
0.2182	0.2441	0.3164	0.0724	0.3225	0.0784	0.2287	0.2431	0.1062	0.1037
0.2182	0.2442	0.3168	0.0726	0.3228	0.0786	0.229	0.2435	0.1067	0.104
0.2182	0.2441	0.3167	0.0726	0.3227	0.0786	0.2291	0.2436	0.1062	0.104
0.2184	0.2441	0.3165	0.0724	0.3225	0.0784	0.2287	0.2432	0.1053	0.1037
0.2185	0.2441	0.3166	0.0725	0.3226	0.0785	0.2289	0.2433	0.105	0.1039
0.2182	0.244	0.3165	0.0725	0.3226	0.0785	0.229	0.2435	0.1057	0.1039
0.2184	0.2442	0.3166	0.0725	0.3227	0.0785	0.2288	0.2433	0.1056	0.1039
0.2184	0.2438	0.3164	0.0726	0.3224	0.0786	0.2294	0.2438	0.1043	0.104
0.2183	0.2439	0.3165	0.0726	0.3226	0.0787	0.2294	0.2439	0.105	0.104
0.2184	0.2439	0.3164	0.0725	0.3224	0.0785	0.229	0.2435	0.1048	0.1038
0.2182	0.2441	0.3165	0.0725	0.3226	0.0785	0.229	0.2434	0.106	0.1039
0.2183	0.2441	0.3165	0.0724	0.3226	0.0784	0.2287	0.2431	0.106	0.1038
0.2183	0.2439	0.3164	0.0725	0.3225	0.0786	0.2292	0.2436	0.105	0.1039
0.2182	0.244	0.3166	0.0725	0.3226	0.0786	0.2291	0.2436	0.1058	0.1039
0.2184	0.2441	0.3166	0.0725	0.3227	0.0785	0.229	0.2434	0.1054	0.1039
0.2182	0.2441	0.3166	0.0725	0.3226	0.0786	0.2291	0.2435	0.1059	0.1039
0.2182	0.2441	0.3167	0.0726	0.3227	0.0786	0.2292	0.2436	0.1062	0.104
0.2181	0.2441	0.3166	0.0726	0.3227	0.0786	0.2292	0.2437	0.1063	0.104
0.2182	0.2441	0.3165	0.0724	0.3225	0.0785	0.2288	0.2432	0.1062	0.1038
0.2181	0.2438	0.3163	0.0725	0.3224	0.0786	0.2292	0.2437	0.1056	0.1039
0.2183	0.2441	0.3166	0.0725	0.3227	0.0785	0.229	0.2434	0.1059	0.1039
0.2184	0.244	0.3166	0.0727	0.3227	0.0787	0.2295	0.2439	0.105	0.1041
0.2183	0.244	0.3165	0.0725	0.3225	0.0785	0.2291	0.2435	0.1054	0.1039
0.2184	0.2442	0.3166	0.0724	0.3226	0.0785	0.2288	0.2432	0.1057	0.1038
0.2186	0.2442	0.3168	0.0726	0.3228	0.0786	0.2291	0.2435	0.1048	0.104
0.2182	0.244	0.3167	0.0727	0.3227	0.0787	0.2295	0.244	0.1058	0.1041
0.2182	0.244	0.3165	0.0725	0.3226	0.0786	0.2291	0.2436	0.1058	0.1039
0.2183	0.2441	0.3165	0.0724	0.3225	0.0784	0.2288	0.2432	0.1056	0.1038
0.2185	0.244	0.3164	0.0724	0.3224	0.0785	0.2289	0.2433	0.1045	0.1038
0.2184	0.244	0.3165	0.0726	0.3226	0.0786	0.2293	0.2437	0.1047	0.104
0.2181	0.2441	0.3164	0.0723	0.3225	0.0784	0.2286	0.243	0.1065	0.1037
0.2181	0.2441	0.3165	0.0724	0.3226	0.0785	0.2288	0.2432	0.1064	0.1038
0.2183	0.2441	0.3167	0.0726	0.3228	0.0786	0.2292	0.2436	0.1058	0.104
0.218	0.2441	0.3165	0.0725	0.3226	0.0785	0.229	0.2434	0.1067	0.1039
0.2184	0.2439	0.3163	0.0724	0.3223	0.0785	0.2289	0.2434	0.1045	0.1038
0.2185	0.2438	0.3164	0.0726	0.3225	0.0787	0.2295	0.244	0.1039	0.104
0.2182	0.2441	0.3165	0.0725	0.3226	0.0785	0.229	0.2434	0.1058	0.1039
0.2184	0.244	0.3165	0.0725	0.3225	0.0785	0.229	0.2434	0.1051	0.1039
0.2183	0.244	0.3165	0.0725	0.3226	0.0785	0.229	0.2434	0.1056	0.1039
0.2183	0.2438	0.3164	0.0726	0.3224	0.0786	0.2295	0.2439	0.1045	0.104
0.2181	0.244	0.3165	0.0725	0.3225	0.0786	0.2292	0.2436	0.1058	0.1039
0.2184	0.244	0.3164	0.0724	0.3225	0.0785	0.2289	0.2433	0.105	0.1038
0.2184	0.244	0.3163	0.0724	0.3224	0.0784	0.2288	0.2432	0.105	0.1037
0.2182	0.2442	0.3166	0.0725	0.3226	0.0785	0.2288	0.2433	0.1063	0.1038
0.2183	0.2441	0.3166	0.0726	0.3227	0.0786	0.2292	0.2436	0.1057	0.104
0.2182	0.2441	0.3165	0.0725	0.3226	0.0785	0.229	0.2434	0.1058	0.1039
0.2181	0.2441	0.3167	0.0726	0.3227	0.0786	0.2292	0.2436	0.1066	0.104
0.2183	0.2438	0.3165	0.0726	0.3225	0.0787	0.2295	0.244	0.1046	0.1041
0.2181	0.2442	0.3166	0.0724	0.3227	0.0785	0.2287	0.2431	0.1068	0.1038
0.2183	0.2439	0.3163	0.0724	0.3223	0.0784	0.2289	0.2434	0.105	0.1038
0.2183	0.244	0.3166	0.0726	0.3227	0.0787	0.2293	0.2438	0.1053	0.1041
0.2182	0.2442	0.3167	0.0725	0.3227	0.0786	0.229	0.2435	0.1063	0.104
0.2182	0.244	0.3165	0.0725	0.3225	0.0785	0.229	0.2435	0.1058	0.1039
0.218	0.244	0.3167	0.0727	0.3228	0.0788	0.2296	0.2441	0.1066	0.1042
0.2182	0.2441	0.3165	0.0725	0.3226	0.0785	0.2289	0.2434	0.1059	0.1038
0.2182	0.2441	0.3165	0.0725	0.3226	0.0785	0.229	0.2434	0.1059	0.1039
0.2181	0.244	0.3165	0.0725	0.3226	0.0786	0.2292	0.2437	0.1059	0.104
0.2183	0.2443	0.3167	0.0725	0.3228	0.0785	0.2288	0.2432	0.1062	0.1039
0.2181	0.2439	0.3165	0.0725	0.3225	0.0786	0.2292	0.2437	0.1058	0.1039
0.2183	0.2441	0.3167	0.0726	0.3228	0.0786	0.2292	0.2436	0.1058	0.104
0.2182	0.2441	0.3167	0.0726	0.3227	0.0786	0.2292	0.2437	0.1061	0.104
0.2182	0.244	0.3166	0.0726	0.3226	0.0787	0.2294	0.2438	0.1055	0.104
0.2183	0.2441	0.3166	0.0725	0.3226	0.0785	0.229	0.2434	0.1056	0.1039
0.2182	0.2442	0.3167	0.0725	0.3227	0.0785	0.2289	0.2433	0.1064	0.1039
0.2183	0.2438	0.3165	0.0727	0.3226	0.0787	0.2296	0.2441	0.1046	0.1041
0.2184	0.2441	0.3166	0.0725	0.3227	0.0786	0.2291	0.2435	0.1053	0.104
0.2183	0.2441	0.3165	0.0724	0.3225	0.0785	0.2288	0.2432	0.1058	0.1038
0.2183	0.2442	0.3167	0.0725	0.3228	0.0786	0.229	0.2435	0.1058	0.104
0.2182	0.2441	0.3165	0.0724	0.3225	0.0784	0.2287	0.2431	0.1061	0.1037
0.2181	0.2441	0.3166	0.0725	0.3226	0.0786	0.229	0.2435	0.1066	0.1039
0.2184	0.2441	0.3166	0.0725	0.3226	0.0785	0.2289	0.2433	0.1054	0.1039
0.2182	0.2442	0.3167	0.0725	0.3227	0.0785	0.2288	0.2433	0.1066	0.1039
0.2183	0.2441	0.3165	0.0724	0.3225	0.0784	0.2288	0.2432	0.1054	0.1038
0.2183	0.244	0.3165	0.0725	0.3225	0.0785	0.229	0.2434	0.1054	0.1039
0.2182	0.2439	0.3164	0.0725	0.3224	0.0785	0.2291	0.2436	0.1054	0.1039
0.2183	0.2438	0.3165	0.0726	0.3225	0.0787	0.2295	0.244	0.1046	0.1041
0.2183	0.2442	0.3165	0.0723	0.3225	0.0784	0.2285	0.243	0.106	0.1037
0.2182	0.244	0.3165	0.0725	0.3226	0.0785	0.2291	0.2435	0.1057	0.1039
0.2181	0.2438	0.3163	0.0725	0.3224	0.0786	0.2293	0.2437	0.1053	0.1039
0.2183	0.2441	0.3166	0.0725	0.3226	0.0785	0.2289	0.2433	0.1057	0.1038
0.2182	0.244	0.3166	0.0726	0.3227	0.0786	0.2293	0.2437	0.1058	0.104
0.2183	0.244	0.3164	0.0724	0.3225	0.0785	0.2289	0.2433	0.1053	0.1038
0.2181	0.2442	0.3167	0.0724	0.3227	0.0785	0.2287	0.2431	0.107	0.1038
0.2184	0.2441	0.3165	0.0724	0.3226	0.0784	0.2287	0.2432	0.1054	0.1038
0.2182	0.2439	0.3165	0.0726	0.3225	0.0786	0.2293	0.2438	0.1054	0.104
0.2187	0.244	0.3166	0.0726	0.3227	0.0786	0.2292	0.2437	0.104	0.104
0.2184	0.244	0.3164	0.0724	0.3225	0.0785	0.2289	0.2433	0.105	0.1038
0.2183	0.244	0.3165	0.0725	0.3226	0.0786	0.2291	0.2435	0.1055	0.1039
0.2182	0.2442	0.3167	0.0725	0.3227	0.0785	0.229	0.2434	0.1064	0.1039
0.2182	0.2441	0.3166	0.0725	0.3227	0.0786	0.229	0.2435	0.1061	0.1039
0.2182	0.244	0.3166	0.0725	0.3226	0.0786	0.2291	0.2436	0.1058	0.104
0.2184	0.2442	0.3166	0.0724	0.3227	0.0785	0.2287	0.2432	0.1057	0.1038
0.2181	0.2439	0.3165	0.0726	0.3225	0.0786	0.2293	0.2437	0.1058	0.1039
0.2184	0.2441	0.3166	0.0725	0.3226	0.0785	0.2289	0.2433	0.1055	0.1038
0.2181	0.2442	0.3167	0.0726	0.3228	0.0786	0.2291	0.2435	0.1067	0.104
0.2183	0.244	0.3164	0.0724	0.3225	0.0785	0.2289	0.2433	0.1051	0.1038
0.2183	0.244	0.3165	0.0724	0.3225	0.0785	0.2289	0.2433	0.1054	0.1038
0.218	0.2441	0.3167	0.0726	0.3227	0.0786	0.2291	0.2436	0.1069	0.104
0.2184	0.2441	0.3165	0.0724	0.3225	0.0784	0.2287	0.2431	0.1053	0.1037
0.2182	0.2442	0.3166	0.0725	0.3227	0.0785	0.2289	0.2433	0.1062	0.1039
0.2184	0.244	0.3164	0.0724	0.3224	0.0785	0.2289	0.2433	0.1048	0.1038
0.2182	0.2441	0.3164	0.0724	0.3225	0.0784	0.2287	0.2431	0.1058	0.1037
0.2183	0.2442	0.3167	0.0725	0.3227	0.0785	0.2289	0.2434	0.106	0.1039
0.2182	0.2439	0.3164	0.0725	0.3225	0.0785	0.2291	0.2436	0.1056	0.1039
0.2183	0.2442	0.3168	0.0726	0.3228	0.0786	0.2292	0.2436	0.1058	0.1041
0.2182	0.2442	0.3165	0.0724	0.3226	0.0784	0.2286	0.243	0.1063	0.1037
0.2184	0.2441	0.3167	0.0726	0.3227	0.0786	0.2292	0.2437	0.1052	0.104
0.218	0.2439	0.3165	0.0726	0.3226	0.0787	0.2294	0.2438	0.1062	0.104
0.2183	0.2441	0.3166	0.0725	0.3226	0.0785	0.2289	0.2433	0.1059	0.1038
0.2182	0.244	0.3165	0.0724	0.3225	0.0785	0.2289	0.2433	0.1057	0.1038
0.2181	0.244	0.3164	0.0725	0.3225	0.0785	0.2291	0.2435	0.1059	0.1039
0.2181	0.2442	0.3167	0.0725	0.3227	0.0786	0.229	0.2435	0.1067	0.104
0.2181	0.2438	0.3163	0.0725	0.3223	0.0785	0.2292	0.2436	0.1054	0.1039
0.2183	0.2443	0.3167	0.0725	0.3228	0.0785	0.2288	0.2432	0.1065	0.1039
0.2185	0.2441	0.3166	0.0725	0.3227	0.0785	0.229	0.2434	0.1051	0.1039
0.2185	0.2441	0.3167	0.0726	0.3228	0.0787	0.2293	0.2438	0.105	0.1041
0.2184	0.244	0.3165	0.0725	0.3225	0.0785	0.2291	0.2436	0.1049	0.1039
0.2183	0.244	0.3166	0.0726	0.3227	0.0786	0.2292	0.2437	0.1055	0.104
0.2184	0.2441	0.3166	0.0724	0.3226	0.0785	0.2288	0.2432	0.1053	0.1038
0.2183	0.2439	0.3165	0.0726	0.3225	0.0786	0.2293	0.2437	0.105	0.104
0.2184	0.2441	0.3166	0.0725	0.3227	0.0785	0.2289	0.2434	0.1057	0.1039
0.2182	0.244	0.3165	0.0726	0.3226	0.0786	0.2293	0.2437	0.1057	0.104
0.2183	0.2442	0.3167	0.0725	0.3227	0.0785	0.2288	0.2433	0.106	0.1039
0.2184	0.2441	0.3166	0.0724	0.3226	0.0785	0.2288	0.2433	0.1053	0.1038
0.2183	0.2439	0.3165	0.0726	0.3225	0.0786	0.2292	0.2437	0.105	0.104
0.2185	0.2444	0.3167	0.0723	0.3227	0.0783	0.2284	0.2428	0.1058	0.1037
0.2184	0.2441	0.3166	0.0725	0.3226	0.0785	0.2289	0.2433	0.1054	0.1038
0.2183	0.244	0.3164	0.0724	0.3225	0.0785	0.2288	0.2433	0.1055	0.1038
0.218	0.244	0.3165	0.0724	0.3225	0.0785	0.2289	0.2433	0.1065	0.1038
0.2181	0.2441	0.3167	0.0725	0.3227	0.0786	0.2291	0.2435	0.1067	0.104
0.2183	0.2442	0.3167	0.0725	0.3227	0.0785	0.2289	0.2433	0.106	0.1039
0.2183	0.2439	0.3164	0.0726	0.3225	0.0786	0.2293	0.2438	0.1047	0.104
0.2181	0.2439	0.3165	0.0725	0.3225	0.0786	0.2292	0.2437	0.1059	0.1039
0.2184	0.2441	0.3165	0.0724	0.3225	0.0785	0.2289	0.2433	0.1052	0.1038
0.2183	0.2439	0.3165	0.0726	0.3226	0.0786	0.2293	0.2437	0.1051	0.104
0.2183	0.2439	0.3166	0.0726	0.3226	0.0787	0.2294	0.2439	0.1049	0.1041
0.2184	0.2438	0.3164	0.0726	0.3225	0.0787	0.2295	0.244	0.1043	0.1041
0.2184	0.2442	0.3166	0.0724	0.3226	0.0784	0.2287	0.2431	0.1056	0.1038
0.2182	0.244	0.3165	0.0725	0.3225	0.0785	0.229	0.2435	0.1058	0.1039
0.2182	0.2439	0.3165	0.0725	0.3225	0.0786	0.2292	0.2436	0.1054	0.1039
0.2182	0.244	0.3165	0.0726	0.3226	0.0786	0.2293	0.2437	0.1057	0.104
0.2185	0.2441	0.3166	0.0725	0.3226	0.0785	0.2289	0.2433	0.1049	0.1039
0.2181	0.244	0.3165	0.0725	0.3225	0.0785	0.2291	0.2435	0.1063	0.1039
0.2185	0.2442	0.3167	0.0725	0.3227	0.0786	0.229	0.2434	0.1051	0.1039
0.2184	0.2442	0.3167	0.0725	0.3227	0.0785	0.2288	0.2433	0.1057	0.1039
0.2182	0.2439	0.3164	0.0725	0.3224	0.0786	0.2293	0.2437	0.1053	0.1039
0.2184	0.2439	0.3164	0.0725	0.3225	0.0785	0.2291	0.2435	0.1047	0.1039
0.2184	0.2442	0.3166	0.0724	0.3227	0.0785	0.2288	0.2432	0.1058	0.1038
0.2183	0.2442	0.3166	0.0724	0.3226	0.0784	0.2287	0.2431	0.106	0.1038
0.2181	0.2441	0.3166	0.0725	0.3226	0.0786	0.2291	0.2435	0.1065	0.1039
0.2184	0.2439	0.3165	0.0725	0.3225	0.0786	0.2292	0.2436	0.1046	0.1039
0.2182	0.244	0.3166	0.0725	0.3226	0.0786	0.2291	0.2436	0.1058	0.1039
0.2181	0.2443	0.3168	0.0725	0.3229	0.0786	0.2289	0.2434	0.107	0.104
0.218	0.2441	0.3167	0.0726	0.3228	0.0786	0.2291	0.2435	0.107	0.104
0.2182	0.2441	0.3165	0.0725	0.3226	0.0785	0.229	0.2434	0.1061	0.1039
0.2183	0.2441	0.3165	0.0724	0.3225	0.0784	0.2286	0.2431	0.1059	0.1037
0.2183	0.2442	0.3167	0.0725	0.3228	0.0785	0.2289	0.2433	0.1063	0.1039
0.2182	0.2441	0.3166	0.0725	0.3227	0.0785	0.229	0.2434	0.1062	0.1039
0.2183	0.2442	0.3167	0.0725	0.3227	0.0786	0.229	0.2434	0.1057	0.1039
0.2183	0.244	0.3164	0.0725	0.3225	0.0785	0.2291	0.2435	0.1051	0.1039
0.2183	0.2441	0.3164	0.0723	0.3224	0.0784	0.2286	0.2431	0.1056	0.1037
0.2183	0.2441	0.3166	0.0725	0.3226	0.0785	0.229	0.2434	0.1058	0.1039
0.2184	0.244	0.3166	0.0726	0.3226	0.0786	0.2293	0.2437	0.1049	0.104
0.2183	0.2441	0.3166	0.0725	0.3227	0.0786	0.2291	0.2435	0.1056	0.104
0.2184	0.2442	0.3167	0.0725	0.3228	0.0786	0.2291	0.2435	0.1053	0.104
0.2182	0.2439	0.3164	0.0726	0.3225	0.0786	0.2294	0.2438	0.1052	0.104
0.2182	0.2439	0.3164	0.0725	0.3225	0.0786	0.2292	0.2437	0.1052	0.1039
0.2185	0.2442	0.3167	0.0725	0.3227	0.0785	0.2289	0.2434	0.105	0.1039
0.2183	0.2439	0.3166	0.0727	0.3226	0.0787	0.2296	0.244	0.105	0.1041
0.2182	0.2441	0.3165	0.0724	0.3225	0.0784	0.2288	0.2432	0.1059	0.1038
0.2183	0.2439	0.3165	0.0726	0.3226	0.0787	0.2294	0.2439	0.1048	0.104
0.2184	0.244	0.3165	0.0725	0.3225	0.0786	0.2291	0.2436	0.1046	0.1039
0.2183	0.2439	0.3165	0.0726	0.3225	0.0786	0.2293	0.2438	0.1051	0.104
0.2183	0.244	0.3166	0.0726	0.3227	0.0787	0.2294	0.2438	0.1052	0.1041
0.2181	0.244	0.3164	0.0724	0.3225	0.0785	0.2289	0.2434	0.1061	0.1038
0.2184	0.244	0.3166	0.0726	0.3227	0.0786	0.2293	0.2437	0.105	0.104
0.2183	0.2439	0.3164	0.0726	0.3225	0.0786	0.2293	0.2438	0.1047	0.104
0.2182	0.2439	0.3166	0.0727	0.3226	0.0787	0.2295	0.244	0.1056	0.1041
0.2184	0.2444	0.3168	0.0724	0.3228	0.0785	0.2286	0.243	0.1064	0.1038
0.2184	0.2442	0.3167	0.0725	0.3227	0.0785	0.2288	0.2433	0.1056	0.1039
0.2183	0.2441	0.3166	0.0725	0.3227	0.0785	0.229	0.2434	0.1058	0.1039
0.2185	0.244	0.3168	0.0728	0.3228	0.0788	0.2297	0.2441	0.1048	0.1043
0.2184	0.2439	0.3165	0.0726	0.3226	0.0786	0.2293	0.2438	0.1048	0.104
0.2182	0.2439	0.3165	0.0726	0.3225	0.0786	0.2294	0.2438	0.1052	0.104
0.2182	0.2441	0.3166	0.0725	0.3226	0.0785	0.229	0.2434	0.1059	0.1039
0.2184	0.244	0.3166	0.0725	0.3226	0.0786	0.2291	0.2435	0.105	0.1039
0.2181	0.2441	0.3165	0.0725	0.3226	0.0785	0.2289	0.2434	0.1064	0.1038
0.2183	0.244	0.3164	0.0724	0.3225	0.0785	0.2289	0.2434	0.1051	0.1038
0.2185	0.244	0.3166	0.0725	0.3226	0.0786	0.2291	0.2436	0.1045	0.104
0.2182	0.2442	0.3167	0.0725	0.3228	0.0785	0.2288	0.2432	0.1067	0.1039
0.2183	0.2441	0.3165	0.0724	0.3225	0.0784	0.2287	0.2431	0.1057	0.1037
0.2181	0.2438	0.3165	0.0727	0.3225	0.0787	0.2296	0.2441	0.1053	0.1041
0.2182	0.2438	0.3164	0.0726	0.3224	0.0786	0.2295	0.2439	0.1047	0.104
0.2181	0.2438	0.3163	0.0725	0.3223	0.0785	0.2292	0.2437	0.1055	0.1039
0.2183	0.2442	0.3167	0.0725	0.3227	0.0785	0.229	0.2434	0.1059	0.1039
0.218	0.2438	0.3163	0.0725	0.3223	0.0785	0.2292	0.2437	0.1059	0.1039
0.2184	0.2441	0.3165	0.0724	0.3225	0.0784	0.2287	0.2431	0.1053	0.1038
0.2182	0.244	0.3165	0.0725	0.3225	0.0785	0.229	0.2434	0.1058	0.1039
0.2181	0.244	0.3165	0.0725	0.3226	0.0786	0.2291	0.2435	0.1063	0.1039
0.2181	0.2437	0.3164	0.0727	0.3225	0.0787	0.2297	0.2441	0.1053	0.1041
0.2182	0.2441	0.3166	0.0724	0.3226	0.0785	0.2288	0.2432	0.1064	0.1038
0.2183	0.2441	0.3166	0.0725	0.3227	0.0786	0.229	0.2434	0.106	0.1039
0.2183	0.2441	0.3165	0.0725	0.3226	0.0785	0.2289	0.2433	0.1054	0.1038
0.2181	0.244	0.3164	0.0724	0.3225	0.0784	0.2288	0.2432	0.1061	0.1037
0.2182	0.2438	0.3165	0.0726	0.3225	0.0787	0.2295	0.2439	0.1051	0.1041
0.2182	0.244	0.3165	0.0725	0.3225	0.0785	0.229	0.2434	0.1057	0.1039
0.2182	0.2439	0.3164	0.0725	0.3225	0.0785	0.2291	0.2435	0.1055	0.1039
0.2187	0.2441	0.3164	0.0723	0.3224	0.0783	0.2286	0.243	0.1041	0.1036
0.2186	0.2442	0.3166	0.0724	0.3226	0.0784	0.2287	0.2431	0.1049	0.1038
0.2184	0.2441	0.3166	0.0725	0.3227	0.0785	0.229	0.2434	0.1055	0.1039
0.2182	0.2441	0.3167	0.0726	0.3227	0.0786	0.2292	0.2437	0.1061	0.104
0.2183	0.2441	0.3165	0.0724	0.3225	0.0784	0.2288	0.2432	0.1057	0.1038
0.2183	0.2441	0.3166	0.0725	0.3226	0.0785	0.229	0.2435	0.1054	0.1039
0.2183	0.244	0.3165	0.0726	0.3226	0.0786	0.2293	0.2437	0.1054	0.104
0.2183	0.2442	0.3167	0.0725	0.3227	0.0785	0.2289	0.2434	0.106	0.1039
0.2181	0.2439	0.3165	0.0726	0.3225	0.0786	0.2293	0.2437	0.1057	0.104
0.2185	0.2441	0.3166	0.0725	0.3226	0.0786	0.2291	0.2435	0.1046	0.1039
0.2183	0.2442	0.3167	0.0725	0.3228	0.0786	0.229	0.2434	0.1059	0.104
0.2185	0.2441	0.3165	0.0724	0.3225	0.0784	0.2287	0.2431	0.105	0.1038
0.2181	0.2441	0.3165	0.0724	0.3225	0.0784	0.2287	0.2431	0.1064	0.1037
0.2183	0.2442	0.3167	0.0725	0.3227	0.0786	0.229	0.2434	0.1061	0.104
0.2184	0.244	0.3166	0.0726	0.3226	0.0786	0.2293	0.2438	0.105	0.104
0.2182	0.244	0.3163	0.0724	0.3224	0.0784	0.2288	0.2432	0.1054	0.1037
0.2184	0.2441	0.3165	0.0725	0.3226	0.0785	0.2289	0.2434	0.1054	0.1038
0.2185	0.2441	0.3166	0.0725	0.3226	0.0786	0.2291	0.2435	0.1049	0.1039
0.2183	0.244	0.3165	0.0725	0.3225	0.0785	0.229	0.2435	0.1054	0.1039
0.2185	0.2442	0.3166	0.0724	0.3226	0.0784	0.2286	0.243	0.1051	0.1037
0.2184	0.2441	0.3166	0.0725	0.3226	0.0786	0.2291	0.2435	0.1053	0.1039
0.2183	0.2442	0.3167	0.0725	0.3227	0.0786	0.229	0.2434	0.106	0.1039
0.2185	0.244	0.3165	0.0725	0.3226	0.0785	0.229	0.2434	0.1046	0.1039
0.2182	0.244	0.3165	0.0725	0.3225	0.0785	0.229	0.2434	0.1058	0.1039
0.2184	0.2441	0.3166	0.0725	0.3227	0.0786	0.2291	0.2436	0.105	0.104
0.2184	0.2441	0.3166	0.0725	0.3227	0.0785	0.2289	0.2434	0.1054	0.1039
0.2181	0.2441	0.3165	0.0725	0.3226	0.0785	0.229	0.2434	0.1065	0.1039
0.2182	0.2438	0.3165	0.0727	0.3225	0.0787	0.2296	0.2441	0.1049	0.1041
0.2182	0.2439	0.3164	0.0725	0.3224	0.0785	0.2291	0.2436	0.1052	0.1039
0.2186	0.2438	0.3164	0.0725	0.3224	0.0786	0.2293	0.2437	0.1037	0.1039
0.2185	0.2442	0.3167	0.0726	0.3228	0.0786	0.2291	0.2435	0.105	0.104
0.2183	0.244	0.3165	0.0725	0.3225	0.0785	0.229	0.2435	0.1054	0.1039
0.2181	0.244	0.3165	0.0725	0.3225	0.0786	0.2292	0.2436	0.1061	0.1039
0.2181	0.2441	0.3165	0.0725	0.3226	0.0785	0.229	0.2434	0.1063	0.1039
0.2182	0.2444	0.3167	0.0723	0.3227	0.0783	0.2283	0.2427	0.1069	0.1037
0.2185	0.2443	0.3167	0.0724	0.3227	0.0785	0.2287	0.2431	0.1054	0.1038
0.2182	0.2441	0.3165	0.0725	0.3226	0.0785	0.229	0.2434	0.1061	0.1039
0.2184	0.244	0.3166	0.0726	0.3226	0.0786	0.2293	0.2437	0.1047	0.104
0.2182	0.2439	0.3165	0.0725	0.3225	0.0786	0.2292	0.2437	0.1055	0.1039
0.2181	0.2441	0.3167	0.0726	0.3228	0.0787	0.2293	0.2437	0.1064	0.1041
0.2184	0.2441	0.3165	0.0724	0.3225	0.0784	0.2288	0.2432	0.1052	0.1038
0.2183	0.244	0.3165	0.0725	0.3226	0.0786	0.2291	0.2435	0.1052	0.1039
0.2182	0.244	0.3165	0.0725	0.3225	0.0785	0.2291	0.2435	0.1055	0.1039
0.2182	0.2442	0.3166	0.0724	0.3226	0.0785	0.2287	0.2432	0.1062	0.1038
0.2183	0.2441	0.3167	0.0726	0.3228	0.0786	0.2292	0.2436	0.1058	0.104
0.2183	0.244	0.3166	0.0726	0.3226	0.0786	0.2292	0.2436	0.1053	0.104
0.2184	0.244	0.3166	0.0726	0.3226	0.0786	0.2293	0.2437	0.105	0.104
0.2181	0.2443	0.3167	0.0724	0.3227	0.0784	0.2286	0.243	0.1071	0.1038
0.2186	0.2442	0.3166	0.0724	0.3226	0.0784	0.2287	0.2432	0.1047	0.1038
0.2183	0.2442	0.3167	0.0725	0.3228	0.0786	0.229	0.2434	0.1061	0.104
0.2182	0.2441	0.3164	0.0723	0.3225	0.0783	0.2285	0.2429	0.1062	0.1036
0.2186	0.244	0.3165	0.0725	0.3226	0.0786	0.2291	0.2436	0.1041	0.1039
0.2184	0.2439	0.3162	0.0723	0.3223	0.0784	0.2288	0.2432	0.1043	0.1036
0.218	0.244	0.3166	0.0725	0.3226	0.0786	0.2291	0.2435	0.1066	0.1039
0.2185	0.2442	0.3165	0.0723	0.3226	0.0784	0.2285	0.2429	0.1054	0.1037
0.2181	0.244	0.3165	0.0725	0.3225	0.0785	0.2291	0.2435	0.106	0.1039
0.2185	0.2441	0.3165	0.0724	0.3226	0.0785	0.2289	0.2433	0.1048	0.1038
0.2182	0.244	0.3164	0.0724	0.3225	0.0785	0.2289	0.2434	0.1056	0.1038
0.2184	0.244	0.3166	0.0726	0.3226	0.0786	0.2292	0.2436	0.105	0.104
0.2183	0.2441	0.3166	0.0725	0.3226	0.0785	0.229	0.2435	0.1057	0.1039
0.2182	0.2443	0.3167	0.0724	0.3228	0.0785	0.2287	0.2431	0.1068	0.1038
0.2184	0.2439	0.3163	0.0724	0.3223	0.0785	0.229	0.2435	0.1045	0.1038
0.2181	0.244	0.3167	0.0726	0.3227	0.0787	0.2294	0.2438	0.1062	0.1041
0.2181	0.2439	0.3165	0.0726	0.3225	0.0786	0.2293	0.2437	0.1057	0.104
0.2184	0.2438	0.3164	0.0726	0.3225	0.0786	0.2294	0.2438	0.1045	0.104
0.2182	0.244	0.3163	0.0724	0.3224	0.0784	0.2288	0.2433	0.1057	0.1037
0.2181	0.2439	0.3164	0.0724	0.3224	0.0785	0.229	0.2434	0.1059	0.1038
0.2183	0.2441	0.3166	0.0725	0.3227	0.0786	0.2291	0.2436	0.1058	0.104
0.2184	0.244	0.3165	0.0725	0.3225	0.0786	0.2291	0.2436	0.1048	0.1039
0.2184	0.2442	0.3166	0.0724	0.3226	0.0784	0.2287	0.2432	0.1056	0.1038
0.2185	0.2442	0.3166	0.0723	0.3226	0.0784	0.2285	0.2429	0.1052	0.1037
0.2183	0.2441	0.3168	0.0726	0.3228	0.0787	0.2293	0.2438	0.1056	0.1041
0.2182	0.244	0.3165	0.0725	0.3225	0.0785	0.229	0.2434	0.1059	0.1038
0.2181	0.2439	0.3164	0.0725	0.3224	0.0786	0.2292	0.2437	0.1055	0.1039
0.2184	0.2441	0.3166	0.0725	0.3226	0.0785	0.229	0.2435	0.1053	0.1039
0.2181	0.2438	0.3163	0.0726	0.3224	0.0786	0.2294	0.2439	0.1053	0.104
0.2184	0.2442	0.3166	0.0725	0.3227	0.0785	0.2288	0.2433	0.1057	0.1038
0.2183	0.2439	0.3164	0.0725	0.3225	0.0786	0.2292	0.2437	0.105	0.1039
0.218	0.2441	0.3165	0.0725	0.3226	0.0785	0.229	0.2435	0.1066	0.1039
0.2181	0.244	0.3166	0.0726	0.3226	0.0787	0.2293	0.2438	0.106	0.104
0.2182	0.244	0.3165	0.0725	0.3226	0.0786	0.2292	0.2436	0.1056	0.104
0.2184	0.2441	0.3166	0.0726	0.3227	0.0786	0.2292	0.2436	0.1052	0.104
0.2181	0.244	0.3166	0.0726	0.3226	0.0786	0.2292	0.2436	0.1063	0.104
0.2182	0.2441	0.3165	0.0723	0.3225	0.0783	0.2285	0.243	0.1061	0.1037
0.2183	0.2439	0.3164	0.0725	0.3225	0.0786	0.2292	0.2437	0.105	0.1039
0.2182	0.2441	0.3166	0.0725	0.3226	0.0785	0.2289	0.2433	0.1061	0.1039
0.2183	0.2441	0.3166	0.0726	0.3227	0.0786	0.2292	0.2436	0.1055	0.104
0.2184	0.244	0.3166	0.0726	0.3227	0.0787	0.2293	0.2438	0.1049	0.104
0.2183	0.244	0.3164	0.0724	0.3225	0.0784	0.2288	0.2432	0.1056	0.1038
0.2184	0.2441	0.3166	0.0725	0.3227	0.0786	0.2291	0.2435	0.1052	0.104
0.2182	0.2439	0.3165	0.0726	0.3226	0.0786	0.2294	0.2438	0.1056	0.104
0.2184	0.2439	0.3165	0.0726	0.3225	0.0787	0.2294	0.2438	0.1044	0.104
0.2185	0.2441	0.3166	0.0725	0.3227	0.0786	0.2291	0.2436	0.1047	0.104
0.2184	0.2442	0.3167	0.0724	0.3227	0.0785	0.2287	0.2431	0.1059	0.1038
0.2183	0.2441	0.3165	0.0725	0.3226	0.0785	0.229	0.2434	0.1057	0.1039
0.2183	0.2441	0.3165	0.0724	0.3226	0.0785	0.2288	0.2432	0.1057	0.1038
0.2185	0.244	0.3167	0.0727	0.3228	0.0787	0.2295	0.2439	0.1046	0.1042
0.2182	0.2442	0.3166	0.0724	0.3226	0.0784	0.2287	0.2432	0.1062	0.1038
0.2182	0.2442	0.3167	0.0725	0.3227	0.0786	0.229	0.2435	0.1065	0.104
0.2182	0.2441	0.3167	0.0726	0.3227	0.0786	0.2291	0.2435	0.1063	0.104
0.2183	0.244	0.3166	0.0726	0.3226	0.0786	0.2292	0.2436	0.1055	0.104
0.2182	0.2441	0.3166	0.0725	0.3227	0.0785	0.2289	0.2434	0.106	0.1039
0.2182	0.244	0.3165	0.0725	0.3225	0.0785	0.229	0.2435	0.1056	0.1039
0.2181	0.2441	0.3166	0.0725	0.3227	0.0786	0.229	0.2435	0.1065	0.1039
0.2184	0.244	0.3166	0.0726	0.3226	0.0786	0.2292	0.2436	0.1049	0.104
0.2183	0.244	0.3165	0.0724	0.3225	0.0785	0.2289	0.2433	0.1055	0.1038
0.2183	0.2442	0.3166	0.0724	0.3226	0.0784	0.2287	0.2431	0.1059	0.1038
0.2183	0.2439	0.3165	0.0726	0.3225	0.0787	0.2295	0.2439	0.105	0.104
0.2183	0.244	0.3165	0.0726	0.3226	0.0786	0.2293	0.2438	0.1051	0.104
0.2183	0.244	0.3165	0.0725	0.3226	0.0786	0.2291	0.2435	0.1054	0.1039
0.2181	0.244	0.3166	0.0726	0.3226	0.0786	0.2292	0.2437	0.1063	0.104
0.2183	0.2442	0.3166	0.0724	0.3226	0.0784	0.2286	0.243	0.106	0.1037
0.2183	0.2439	0.3165	0.0726	0.3225	0.0786	0.2293	0.2438	0.1048	0.104
0.2182	0.244	0.3166	0.0726	0.3226	0.0786	0.2292	0.2437	0.1056	0.104
0.2185	0.244	0.3164	0.0724	0.3224	0.0784	0.2287	0.2432	0.1044	0.1037
0.2181	0.244	0.3165	0.0725	0.3226	0.0786	0.2291	0.2436	0.1061	0.1039
0.2183	0.244	0.3165	0.0725	0.3225	0.0785	0.229	0.2435	0.1052	0.1039
0.2182	0.2441	0.3167	0.0726	0.3227	0.0787	0.2294	0.2438	0.1058	0.1041
0.2182	0.2438	0.3163	0.0725	0.3224	0.0786	0.2293	0.2437	0.1049	0.1039
0.2184	0.2443	0.3168	0.0724	0.3228	0.0785	0.2287	0.2431	0.1061	0.1039
0.2182	0.244	0.3165	0.0725	0.3225	0.0785	0.229	0.2435	0.1057	0.1039
0.2182	0.2439	0.3164	0.0725	0.3225	0.0785	0.2291	0.2435	0.1056	0.1039
0.2181	0.244	0.3166	0.0726	0.3226	0.0786	0.2293	0.2437	0.1062	0.104
0.2183	0.244	0.3166	0.0725	0.3226	0.0786	0.2291	0.2435	0.1054	0.1039
0.2184	0.244	0.3164	0.0724	0.3224	0.0784	0.2288	0.2432	0.1049	0.1037
0.2184	0.244	0.3167	0.0727	0.3228	0.0787	0.2295	0.2439	0.1049	0.1041
0.2185	0.2443	0.3169	0.0725	0.3229	0.0786	0.2289	0.2433	0.1056	0.104
0.2183	0.2442	0.3167	0.0725	0.3227	0.0785	0.2288	0.2433	0.1062	0.1039
0.2181	0.2441	0.3165	0.0724	0.3226	0.0785	0.2288	0.2432	0.1064	0.1038
0.2185	0.244	0.3165	0.0725	0.3225	0.0785	0.2289	0.2434	0.1048	0.1038
0.2185	0.244	0.3166	0.0726	0.3226	0.0786	0.2292	0.2436	0.1049	0.104
0.2182	0.244	0.3165	0.0725	0.3225	0.0785	0.2291	0.2435	0.1057	0.1039
0.2185	0.2441	0.3166	0.0724	0.3226	0.0785	0.2288	0.2432	0.1049	0.1038
0.2182	0.244	0.3165	0.0725	0.3225	0.0785	0.229	0.2435	0.1056	0.1039
0.2179	0.2441	0.3166	0.0725	0.3227	0.0786	0.2291	0.2436	0.1073	0.104
0.2183	0.2443	0.3167	0.0725	0.3228	0.0785	0.2287	0.2432	0.1063	0.1039
0.2184	0.2441	0.3165	0.0723	0.3225	0.0784	0.2286	0.243	0.1055	0.1037
0.2184	0.2442	0.3167	0.0724	0.3227	0.0785	0.2287	0.2432	0.1058	0.1038
0.2184	0.244	0.3165	0.0725	0.3225	0.0785	0.2291	0.2435	0.1049	0.1039
0.2182	0.244	0.3166	0.0725	0.3226	0.0786	0.2291	0.2435	0.1059	0.1039
0.2181	0.244	0.3165	0.0725	0.3225	0.0785	0.229	0.2434	0.106	0.1038
0.2183	0.2443	0.3167	0.0724	0.3227	0.0784	0.2286	0.243	0.1063	0.1038
0.2182	0.244	0.3165	0.0725	0.3226	0.0786	0.2291	0.2435	0.1059	0.1039
0.2185	0.2441	0.3165	0.0724	0.3225	0.0784	0.2288	0.2432	0.1046	0.1037
0.2183	0.2439	0.3165	0.0726	0.3226	0.0787	0.2294	0.2439	0.1051	0.104
0.2184	0.2437	0.3163	0.0727	0.3224	0.0787	0.2297	0.2442	0.1035	0.1041
0.2185	0.2441	0.3165	0.0724	0.3225	0.0784	0.2288	0.2432	0.1047	0.1038
0.2184	0.2439	0.3164	0.0725	0.3224	0.0785	0.2291	0.2435	0.1046	0.1038
0.2183	0.2441	0.3166	0.0726	0.3227	0.0786	0.2292	0.2436	0.1057	0.104
0.2182	0.2442	0.3166	0.0724	0.3226	0.0785	0.2288	0.2432	0.1064	0.1038
0.2183	0.2441	0.3167	0.0726	0.3227	0.0786	0.2291	0.2436	0.1057	0.104
0.2183	0.244	0.3166	0.0726	0.3226	0.0787	0.2293	0.2438	0.1052	0.104
0.2181	0.2442	0.3167	0.0725	0.3227	0.0785	0.2288	0.2432	0.1068	0.1039
0.2183	0.2441	0.3166	0.0725	0.3227	0.0786	0.2291	0.2436	0.1054	0.104
0.2182	0.2441	0.3166	0.0725	0.3227	0.0785	0.229	0.2434	0.1063	0.1039
0.2182	0.2438	0.3164	0.0726	0.3224	0.0786	0.2294	0.2438	0.1049	0.104
0.2182	0.2439	0.3165	0.0726	0.3225	0.0786	0.2293	0.2438	0.1053	0.104
0.2181	0.2443	0.3166	0.0723	0.3226	0.0783	0.2284	0.2428	0.107	0.1036
0.2184	0.2441	0.3165	0.0725	0.3226	0.0785	0.2289	0.2433	0.1051	0.1038
0.2183	0.2439	0.3164	0.0724	0.3224	0.0785	0.229	0.2434	0.1052	0.1038
0.2182	0.2441	0.3166	0.0726	0.3227	0.0786	0.2292	0.2436	0.1059	0.104
0.2183	0.244	0.3165	0.0725	0.3225	0.0785	0.2291	0.2435	0.1054	0.1039
0.2183	0.2443	0.3168	0.0725	0.3228	0.0785	0.2289	0.2433	0.1063	0.1039
0.2184	0.244	0.3166	0.0726	0.3226	0.0786	0.2293	0.2437	0.1049	0.104
0.2182	0.2438	0.3165	0.0726	0.3225	0.0787	0.2295	0.244	0.1052	0.1041
0.2183	0.244	0.3166	0.0726	0.3227	0.0787	0.2293	0.2438	0.1056	0.1041
0.2184	0.2439	0.3164	0.0725	0.3224	0.0786	0.2292	0.2437	0.1043	0.1039
0.2181	0.2441	0.3166	0.0725	0.3226	0.0785	0.229	0.2434	0.1064	0.1039
0.2182	0.2439	0.3164	0.0725	0.3224	0.0785	0.229	0.2434	0.1055	0.1038
0.2183	0.2442	0.3166	0.0724	0.3226	0.0784	0.2287	0.2431	0.1061	0.1038
0.2185	0.244	0.3165	0.0725	0.3225	0.0785	0.2291	0.2435	0.1046	0.1039
0.2184	0.2441	0.3167	0.0726	0.3228	0.0787	0.2293	0.2437	0.1053	0.1041
0.2185	0.244	0.3166	0.0726	0.3226	0.0786	0.2292	0.2436	0.1047	0.104
0.2184	0.2439	0.3164	0.0725	0.3224	0.0785	0.2291	0.2435	0.1046	0.1038
0.2182	0.2441	0.3166	0.0725	0.3226	0.0785	0.229	0.2434	0.106	0.1039
0.2183	0.2441	0.3166	0.0725	0.3226	0.0785	0.229	0.2434	0.1055	0.1039
0.2183	0.244	0.3166	0.0726	0.3226	0.0786	0.2293	0.2437	0.1053	0.104
0.2183	0.2441	0.3166	0.0725	0.3226	0.0786	0.229	0.2435	0.1057	0.1039
0.2181	0.2439	0.3165	0.0726	0.3226	0.0787	0.2294	0.2439	0.1057	0.104
0.2185	0.2441	0.3165	0.0724	0.3225	0.0785	0.2288	0.2432	0.1047	0.1038
0.218	0.244	0.3166	0.0726	0.3227	0.0787	0.2294	0.2438	0.1066	0.1041
0.2181	0.2441	0.3166	0.0725	0.3226	0.0785	0.2289	0.2434	0.1064	0.1039
0.2182	0.2439	0.3164	0.0726	0.3225	0.0786	0.2293	0.2438	0.1051	0.104
0.2181	0.2439	0.3166	0.0727	0.3226	0.0787	0.2296	0.244	0.1056	0.1041
0.2182	0.244	0.3164	0.0724	0.3224	0.0784	0.2288	0.2432	0.1057	0.1037
0.2184	0.2439	0.3165	0.0725	0.3225	0.0786	0.2292	0.2436	0.1045	0.1039
0.218	0.2441	0.3166	0.0725	0.3226	0.0786	0.2291	0.2436	0.1066	0.104
0.2185	0.2441	0.3165	0.0724	0.3225	0.0785	0.2288	0.2433	0.1047	0.1038
0.2182	0.244	0.3166	0.0725	0.3226	0.0786	0.2291	0.2435	0.1057	0.1039
0.2184	0.2441	0.3166	0.0724	0.3226	0.0785	0.2289	0.2433	0.1051	0.1038
0.2184	0.244	0.3164	0.0724	0.3224	0.0784	0.2287	0.2432	0.1051	0.1037
0.2184	0.2442	0.3167	0.0725	0.3227	0.0786	0.229	0.2434	0.1056	0.1039
0.2184	0.2441	0.3166	0.0725	0.3227	0.0786	0.2291	0.2435	0.1053	0.1039
0.2184	0.244	0.3165	0.0725	0.3225	0.0785	0.2291	0.2435	0.1049	0.1039
0.2181	0.2441	0.3167	0.0726	0.3227	0.0786	0.2292	0.2436	0.1064	0.104
0.2184	0.2443	0.3166	0.0723	0.3226	0.0783	0.2284	0.2428	0.106	0.1036
